504.935158868,1018.92360747,5.39900699759,420.208505202,846.99171576,5.30225385367,615.606598041,406.164052414,5.07978713851,843.978087915,307.606192469,3.54078383004,499.233039447,414.078993065,5.47533836117,80.3466760953,645.363341853,4.39563494232,1278.03548536,384.118520549,5.61426228431,305.558312418,951.623849213,5.77943771415
892.120500648,633.350214591,3.94207504453,1381.16625914,324.432988932,5.73668942451,1283.02271718,3.91327297007,4.36744713964,873.098625378,315.143322382,2.39824926814,917.116354488,876.546722103,5.21064334722,1356.63677758,888.810397856,5.31425039607,454.896711377,873.239806047,4.27003263947
1033.85617913,491.789424041,5.55620551721,369.89833598,6.86299275204,5.79707381902,1268.46627984,512.004931501,2.07361050041,426.771732265,161.385566907,2.55812980456,252.84037659,161.621707623,5.7987279369,59.4143822603,510.489890792,3.862836409,543.717225614,917.098946712,5.41890609002,259.247727646,1002.57542892,5.70934484392,353.979550473,162.05869192,5.79074216341
290.430098417,677.601951239,4.83132878202,479.012469955,604.936104072,5.27939861445,1074.14074626,292.776251342,5.14156258973,805.710837294,733.831334733,5.68149903199,683.880980411,779.144448437,4.34363178758
1156.7092213,318.566224193,2.65186860278,387.684632671,736.736576086,3.19472734821,896.680020815,661.997719906,5.33076172578
1039.91006474,263.946240777,5.70056955341,222.698881664,337.201974367,5.7323752788,1061.17686499,27.5563063229,4.48162687936,232.66613434,1046.91523018,4.74936670553,1239.02561573,1065.05553392,5.5268561695,735.99063311,909.695507592,5.05893318016,606.955473999,377.435120512,5.183377287,86.6046108335,989.696641651,5.68222547666
362.839357697,578.487676433,4.97508135028,460.491897211,954.139589375,5.7108173754,794.628772174,955.712098043,3.78128531154,1130.66986806,888.396779318,5.14760184582
215.696685044,349.680787617,4.54488156521,270.399563332,965.748512164,5.73273462095,1277.0344658,757.134436553,5.38389826138,971.462964251,813.288748814,4.38520476674,1273.95733303,234.630110151,4.16633292988,479.096529103,565.302454359,5.72672811761,1019.3598345,33.384117325,4.35515282893
237.541453595,788.528424953,5.6320517764,63.0776537965,1055.1235185,5.67428369525
1071.26428905,1024.39509482,4.81494725398,948.808687397,529.188570788,5.62217904412,1119.22691758,659.238738425,5.38501342383
1179.15250847,726.828147636,5.64035846387,1106.64355101,700.522867853,5.52723781735,1100.36157731,382.811408411,5.79590625476,862.387113532,336.108728042,5.51315737416
837.137083436,41.1743254075,5.01383455576,280.878760666,555.371860607,5.56108791628,486.127591443,401.081490327,4.84238600361,1089.8418989,979.478039942,3.86905163349,32.3010326979,845.082099352,5.56298749189,27.8330501999,486.007100624,4.77433729977,1291.58221433,96.9682219948,4.89426718777
503.360644004,391.99474885,5.03681028694,572.27436512,145.452479789,3.96244063695,21.0979828126,198.945532597,4.22762926886,629.505895944,471.610173906,5.46059956167,1220.76767201,887.670186755,4.19834578903,938.212725084,1066.67380177,4.64638448364,723.867655047,837.055242325,5.20614592277
645.270710611,748.334389631,3.82936378385,250.561088174,613.83891722,5.64031240094,1140.95650945,570.698314753,4.61702323725,1155.44100492,110.891143388,5.68991819508
1097.43853825,23.0966972328,5.56663129118,280.929943757,967.92251371,5.72758972536,697.948282455,655.341453903,4.32415371664,850.846733926,828.883435685,5.40562461501,211.434483359,102.712246266,5.38309648346
1001.11821762,110.202545341,5.62604983317,828.101343244,92.8286446499,5.78576902221,880.726299784,509.872976938,5.66092788719,581.102695316,468.617469945,5.77067815318,183.501909555,331.949030532,3.17230497598
1145.52122534,93.6831973147,5.7476637559,785.219831281,1054.09467585,4.80812343232
701.249099794,1065.43473057,3.12883482501,1140.40228552,663.295810633,5.73268958056,900.971124227,621.724328576,4.70753776205
764.448255889,312.998992744,5.72835703575,1053.8716037,104.211515423,4.7377225146,915.125968964,1049.27662398,5.55741830056,1321.11153712,950.780814965,5.71139978065,958.163964647,149.132964978,4.60989414921,1159.82911854,423.830687139,5.72900355987
1380.68748908,221.895212917,5.24027097636,666.555601696,8.81252687864,4.77904440974,863.994796243,646.976803469,5.34669035939
834.552526164,88.7844158741,5.13494517249,871.16176545,491.32456866,2.4569163307,368.226229515,645.43305708,4.81236098586,700.366593198,723.928445359,5.28785482284,699.90297634,373.83035119,5.72316501419,82.7736057337,915.56222564,5.65796048224,1338.52674537,789.988442881,3.15767158208,914.369455856,599.945121165,5.58585191952
958.165095627,840.645072835,5.13995581804,476.694195717,213.158734898,3.77316832365,819.956429099,812.353349168,4.62386924943
629.786520714,989.167309169,5.44740353927,1250.9348049,829.575540811,5.37493806027,987.111355407,1007.18325186,4.40164871592,90.6455055773,161.221939562,5.42451766277,1169.83158438,740.102297494,5.10224786601,589.541101854,430.901520112,5.55512280323,194.976782794,854.627083882,5.67130085988
610.46999454,137.692583827,3.4800361619,207.49302501,702.276358116,4.3565554918,362.37595735,370.239391796,5.70822976553,134.666996946,79.6929718919,3.15427589438
813.096796253,699.035145409,1.97403014092,363.995512219,660.283655164,4.43048086149,278.533272446,798.521886067,2.75266541327,890.705342407,808.276343911,4.4783866593,110.589037587,192.818456867,5.49482258499,522.96149337,876.702785701,5.7194724223,521.525032796,104.446762455,4.55121771581,1264.27720364,228.15942427,2.75138077842
675.961844742,673.603812607,5.67800152573,623.719840263,1062.45575512,5.19649068121,514.119463639,76.2412520253,5.22539863646,96.8408710752,579.022171584,5.08087726375,46.1326505555,112.315261091,5.6283721677,846.547484201,287.828203483,5.55873091113
19.6049327402,387.818906979,5.81780971911,180.547701119,1025.9939631,0.0236822427986,426.991804347,602.422305258,5.68485749909,123.970621824,611.808210813,5.30938374976,201.762217486,225.704032815,5.69518508649,634.627159028,712.833249612,5.21791305617,67.2167631833,237.753776089,4.70860549745,330.57635123,566.67192393,5.52450211611
874.08092633,265.907656266,5.29238379764,980.378502472,173.756473011,5.45871754392,45.3270484482,312.34643193,5.23414355178,1225.66758181,227.073599264,5.33059599192,1214.03605048,681.264209094,5.37372888715,1098.06165835,752.591486841,5.60563241215
393.450567057,324.986829944,3.74377589594,78.9361276154,789.417700571,5.57290470193,1119.18079804,116.350016665,4.95628341491,1078.97673471,1067.78597604,5.67430502889,1339.42638725,579.449833837,3.38264864801,29.5157065334,924.015542918,5.66692268138,34.3401176282,918.799683713,5.78192203842,636.012321491,175.569431161,3.79806559992
704.584610318,829.242182046,4.27899775949,99.636829078,778.110271735,4.46626579416,108.893075878,539.083307935,4.56499887072,490.032136432,973.944181806,4.40434006976,566.267013979,336.549891194,4.85596184744,50.0642070405,16.6591388192,5.66616426548,24.2048574268,777.74766423,5.7831946541,350.42120815,559.279818903,5.54912110417,955.138527964,346.285157575,5.65054344843,102.812402805,589.781189803,4.23862962298,1262.52645493,9.41014621516,5.21833541012
480.462712163,163.361554817,3.94352384767,569.52774122,29.4811014328,3.85585780766,217.100460762,748.288915074,4.70946266744,591.52327943,427.820597197,4.35357540302,269.007080422,674.321460033,5.57154686028,259.71805968,819.121325634,5.26746641843,208.159906619,357.286941443,5.10885103583
796.139846066,549.159530541,5.73987378649,169.238561074,635.72220649,5.43267512771,804.709314316,481.261096691,5.39589987944,1281.6772556,656.596614252,5.81647154731,814.565969704,79.3297117934,5.38700347196,234.464177604,131.376603402,5.76278964133,211.68167353,703.646155271,4.4889637768
466.365488902,583.020789067,4.4156428333,1236.01891313,727.993868654,5.03059459152,1236.52405492,1001.10397093,5.68258379281,734.267932721,737.877770577,4.04036523246,1224.73527779,822.350326689,2.29700008733,665.816123666,461.604025148,5.34227042098,854.336849511,772.200557707,3.47600820625,246.142915944,900.326900745,5.15102774955
626.86103956,538.235309872,5.42981397042,596.555029674,894.570266392,5.77450039668,1183.233115,638.120583465,4.4705152247
232.62784127,645.568868497,5.63227965417,6.50628859532,185.053863111,4.31190968599,560.456513432,620.31292938,4.57400408718,1098.17846416,1028.40240928,5.14480505758,711.854351334,173.938720467,4.23332327794,1147.48538769,927.976997414,5.08004148941
1102.78581242,386.650378738,5.10125240574,473.547710562,490.338551188,5.7252883192
1371.53812296,727.81214542,4.59280503293,90.4532973115,100.491526899,5.72980289122
780.86524006,181.798917386,5.77375420845,267.58132265,234.45072312,5.20027059451,138.440388246,713.582961562,5.49187999685,466.050720703,71.7197699117,5.02564378401,468.842009681,966.242635804,5.24798644226,490.88040093,159.797170706,5.34556036102,232.068294045,674.882826977,4.84893687935,419.077282993,700.940646731,5.78311086051,441.630703442,870.258631218,2.54979094091
1210.29228863,806.59658429,5.66952878238,457.874614186,454.383859309,4.37755159135,79.4617731306,349.342911631,3.03325227129,1195.89019978,1070.52135552,3.12114506015,974.677691131,718.11949201,4.79778653885
1255.54689819,1.46964277925,5.6656450278,190.382984341,959.686704415,5.35468996644,215.560961279,709.748955384,4.71074560217,209.278406407,176.574214319,3.92534587354,1164.07402031,821.26965852,4.82147274599
1040.60279085,975.507233239,3.89984752542,1106.60461266,748.175515767,5.60948002887,1362.94739621,423.95354496,4.47469073976,458.143157787,155.603115594,4.98426830318,65.0848828561,891.648961896,3.94312538195
76.125756333,543.487469098,5.33250595342,106.192767688,1029.34528301,5.70162388541,126.031184664,967.423638992,5.47273067815,653.905962458,701.350024678,4.81730965755,1221.54041166,164.168977615,3.1231211417,1.99058554154,854.541852751,5.67230891867,1136.93465803,1003.22098992,3.41384553343
1145.04985585,550.654313491,5.57985280372,86.2790510478,906.226521979,3.38807513521,1230.86871596,829.022513209,5.20816381946
28.4739636541,427.071259383,4.98581699374,495.641785533,21.100843849,5.57704751021,182.930140869,448.598458096,5.70514778211
758.329306723,414.465521051,5.72515401119,451.493910864,597.62162464,5.82545911914,1032.11187819,910.685939084,5.17074692513,1153.46601294,96.6348281982,5.43657201621,967.88043499,276.008113487,4.21163779237,995.92323098,735.902790921,5.58407901799,306.133760708,44.6572706915,3.79735291726
286.55034867,249.760334568,5.57946921971,754.098287549,944.660942979,5.64949966347,1303.90827859,225.466018752,5.73964214338,173.339864563,262.147998109,5.36001436814,415.742468903,804.708375211,5.65174564667,819.647051329,883.268369132,3.78184273301,626.212723877,939.920710119,4.97968946468,1322.75237086,63.2707822851,5.53100382431,579.873226142,38.1314138879,4.6655089185
181.158533361,860.064794377,4.22961674003,1045.71583415,1020.58664581,5.79377015149,1034.18295483,18.558408642,5.36779877653,1362.65936646,336.104302828,5.28281572023,1309.69013776,553.42602995,5.748986822
873.143011289,153.265618196,3.3234950866,1265.41794561,919.161306241,5.15515474341,957.348074399,1004.1336286,5.0620421131,725.532704892,636.629854455,5.4736660228,1327.80712428,869.104248655,4.53590506807
1384.3168008,27.8052507307,4.08507338352,1261.54069706,29.5087195472,5.67529155731,1252.28053517,585.302225274,5.75786730394,557.053247144,421.525564755,5.20474197185,636.798079876,882.302096923,0.450950714903,1271.71750249,783.079790115,5.70837017445
747.896972253,814.679774847,5.38690794903,950.945122287,324.418643607,4.2120842011,104.731206477,358.881103182,5.30939905701
89.2331979734,874.281199217,5.33286228391,1268.366615,144.102145452,5.58158073332,1346.42565703,214.326666261,5.68636290143,225.338209421,998.235940075,4.58279214411,1184.6208249,996.578855133,5.24562366637,1309.11160731,667.809719383,5.63524430202,984.755234249,187.599624359,5.08911034543,961.20012267,1006.71136103,5.24284017247
1176.48269759,929.682201001,4.78440258067,421.849646351,824.46875978,4.82068350073,582.577107937,412.005329718,4.97201416593,1024.9721524,339.80159528,4.57120280119,167.695949898,860.474551241,4.01632826674
299.073994738,797.239353437,5.4595566468,72.5974559616,861.271524901,5.74675119725,638.729948332,247.498461636,5.83510038385,148.906356917,884.692802785,4.82274738857,1350.28948462,807.457284497,4.94238508869,1330.63580887,1041.85278676,4.22617352408,639.127628301,248.282534506,5.78770384089
893.345722744,1042.19903532,5.58376351036,637.206579098,32.4850480845,5.68130143702,1214.25638741,912.450960557,5.69707251918,309.407362567,593.136139287,3.67157920488,368.859263712,854.926427109,5.76784620447,509.34833334,961.47265964,4.36066828167,621.382921957,884.944883533,4.38217798365,145.455210881,918.548256977,4.86395439476,153.205707667,537.798805243,4.98333732292
1366.46186474,96.582158045,3.6965286231,1125.53425124,547.120508032,5.56207611279,1352.74718504,686.063712039,2.62113134943,859.0532298,643.068885835,5.54502739316,1116.44378818,764.507031499,4.41739933588,253.203707515,634.388701496,4.46454463489,297.545226605,41.8006183552,5.62244734956,965.451297572,861.338144101,5.38416483974
479.570931947,152.38695796,4.61314192547,742.209238145,97.6374135573,4.89770704089,91.7687241171,215.410175629,4.84585580263,929.75144464,395.487786295,4.9529912895,770.5033019,927.714215588,5.76215879875
275.392698823,555.800782747,5.3568070914,818.232092519,321.303254949,5.6969067266,479.781015113,525.519197886,3.44706905041,264.043235738,362.902018847,4.1548646533,707.56295429,1060.75574909,4.94813112698,1335.30720918,858.85020196,5.72443865968,986.151287435,710.748295755,5.75930263105,1090.35616809,752.247082161,4.3294005508
768.375482022,1010.35004855,5.40536340071,507.486699602,302.723122519,3.41954904771,60.7198584274,686.73748213,5.37235099443
1185.85737368,605.409039264,5.64494046291,1038.19021714,908.926728727,5.59010357441,853.086721396,268.097767999,5.68257257094,1359.4781465,79.5796294525,5.7018907544,735.795691575,725.753693477,5.76390423669,74.3112147284,1023.81133357,5.16046666948
1339.31830562,201.951752558,5.68163055002,1378.36995356,458.026296998,5.48616699262,571.228162883,851.605709833,4.7794653692,1138.17913172,787.675738036,5.5875323467,759.466398954,246.748754237,5.26576056321,116.743870299,899.738629463,4.87028330737
70.0992323465,201.409874152,5.44972649246,495.43589432,442.565745425,5.82361350473,1201.48379812,484.697503896,5.45414450742,1383.3760672,226.488972928,5.65815770991,1132.84403641,52.2787978892,5.50074279314,164.996215685,200.679792235,4.48969946228,1250.05074954,740.101530835,5.43728769543,135.439099683,431.088257277,3.50468597919
878.61624405,600.44049257,4.9591034146,1344.98270204,286.706332193,5.09601025858,1316.24915421,669.198974632,5.69798836775,530.333016708,222.509740039,5.55875582189,622.870615495,26.7564851393,5.65529619654
1138.56823913,254.964581059,5.50154990874,99.1700720389,269.307954108,5.37364449199
951.207578052,241.060566773,5.02698391981,1236.20430191,15.8330847292,5.64042217378,869.68645664,582.769983366,4.94609659853,48.4994447488,1009.37665658,5.78313931334,499.962141994,751.859177583,4.82452762061,576.461769455,649.912966317,5.58923621978,228.991281796,713.974065524,5.56839766244
703.016811835,128.827171456,5.68149225858,784.709991178,680.249058051,5.4535550185,694.599719612,772.918423158,5.613296863,154.729180538,325.987537157,4.81225057923,1152.82914862,823.876854889,4.06828293102,712.98814002,584.930604225,5.03897095389,1141.31953507,109.520189635,5.15187346889,965.553704269,923.64397501,4.4632445752,728.235264455,582.351607501,5.73191955418
382.903184477,1000.37687763,5.29328910454,422.73684054,172.227760539,5.43548491935,229.533380683,728.342009869,4.35417406691,922.31680794,749.966995665,5.73777258763,646.154474704,116.495553032,5.77208159965,1375.90391083,112.140884842,5.28876375862,951.767935109,864.044478475,5.61812825458
789.049303353,828.556814867,5.00333022897,1348.97394582,947.173434854,4.75527672387,577.593665655,94.8802355424,5.67366585299,894.727702276,960.939686724,5.21285891424,254.280445402,253.07034939,4.82008765055,731.459517651,57.4809606475,5.04054991299,490.209846376,980.618771563,5.14697408112,339.584553091,267.127153957,3.59740260981,49.800565721,857.068853554,4.49866781219,975.324781641,191.703999883,5.83607555771,1281.56231973,341.593854514,5.47606295071,258.780625228,254.844964859,5.51353926014,338.953023514,234.240850654,5.18265270213,323.919777615,143.517243194,5.45450839286,185.023350188,520.316170853,5.78654440112,331.628910937,246.751352393,5.57293233451,658.32951177,625.760185189,5.7461460297,929.646811942,314.06326927,5.16312965137
206.093067196,756.848541353,5.60379238789,1292.96283765,612.627461684,4.76332094093,148.41080433,485.314205273,5.80093607767,91.183352862,980.355962788,5.75901578228,507.606703893,299.091403057,4.88583530841,69.4070812342,590.803288111,3.19251209348,1286.9625835,998.674592935,4.54255713346,181.671093391,19.7837913716,4.89464556958,1032.79556873,1028.27276529,5.05312578608,1243.40616405,257.064274308,5.47890476953
1212.93190704,670.236199397,4.35528859862,1006.76459654,695.755320788,4.59530136691,703.050389189,734.126080799,5.72990499433,605.466092787,107.530691805,5.11441118397
656.535369878,12.1354356742,3.81667252808,608.027616493,786.282341532,5.8084479481,933.937501422,340.52044834,2.195026845,159.851162787,184.381909477,5.82541530457,872.977184572,993.225261587,3.64698318397
310.181836949,360.795124973,5.77378796364,247.923651889,563.997387297,1.59643938726,37.0832930249,1022.54052521,5.45642427786,112.077328934,394.610694201,5.28915453492,1084.00935309,1057.55051048,5.80397204953,466.458909862,402.736946136,4.15727458738
112.086773571,463.309604112,5.2117994968,688.771729896,187.945524848,5.66155514122,698.221784529,989.244815642,2.65998360265,951.564790696,263.031320901,5.14463071596,1275.05670926,764.421522672,4.83784521099,1272.85981072,20.877360136,5.69351538576,470.603345318,972.09873799,5.63250768422
1123.46037589,60.702342493,5.70542468068,855.323820702,513.418591378,5.70755125571,1181.21192054,775.966738733,5.29308325636,1322.68944602,49.3608512798,5.19330840774
783.591818982,552.042248431,5.32054824782,463.781478815,72.8199219065,5.53020276212
46.2780973849,955.138636493,4.3140561903,926.852472664,144.92134983,5.48576241183,374.086874403,231.590716996,3.97126086897
982.455704322,1053.02770354,4.4059960439,97.9296214107,561.986398339,4.94336806092,1248.63889835,876.072624992,4.54392594164,1125.44665029,154.826027695,5.31870617535,1361.89619213,68.5857482042,4.6472398762
348.336288504,760.005645188,2.7634019995,1038.17402615,785.940345544,5.77044752951,694.460629011,1056.94929213,1.66889723714,1019.53492827,242.453934669,5.00909888922,908.394036755,616.012933553,5.51133916021,1212.32616238,542.465906519,5.30822380465
705.379151865,742.528876361,4.58779283817,212.640137888,701.235582951,5.70464991881,130.704776867,805.28508183,5.64361729015,954.552860533,202.108613224,4.58849876072,94.617534571,352.573421269,4.93347233752,304.231080355,1038.91810902,4.12431988293,826.096294017,55.3184128156,5.77075781154,27.3391252856,467.041685836,5.39301719983
1359.94901481,609.970636383,5.64669576006,155.033669165,781.201380259,5.03012053279,248.515322165,407.0933568,3.13553501185,737.574454899,670.81600642,5.36964559731,279.413939678,1057.91934961,3.58952211682
411.552280811,455.838505722,5.72820403105,341.298817816,786.613257413,5.29231799394,468.954686397,299.80208805,4.79205164057,45.5141564633,539.129200767,5.49844215588,1138.3742819,603.638602783,5.60485144637
490.033303109,1059.9015674,5.44951172842,1346.90650957,79.1568598642,5.66841017539,624.07881675,123.011978262,5.74827495452
1324.51934677,427.524834093,5.69171960814,141.327569509,418.904093071,3.54063101536,451.444227858,1042.97346933,5.05753975938,1091.91759309,180.890981288,4.84536675761,1249.39582729,299.541536488,5.56663530183,585.238665042,435.040704004,5.56625863384
988.686482895,404.198194353,4.64602847662,1352.7362369,365.557706959,5.80161748093,1318.99964996,597.893584512,3.93744696224,757.467825287,947.112812333,4.34096141097,750.77345841,752.34550406,5.01475424066,883.854270882,176.485043138,5.14850429185,584.730443542,1040.5275841,5.22279180947,232.967899458,46.8947332559,4.80666289568
910.136003508,848.929662124,5.75459319543,633.837801479,123.697802914,5.44853670189,344.488624237,893.179118966,2.07807389225,692.404423532,995.818971135,3.11026708564,813.73840759,254.619964249,4.9447907385,673.873169565,211.325219882,3.45997297658
848.774214916,780.144205913,4.42166438809,195.210102202,584.279057042,4.55056170163,666.571313148,705.503935336,5.28063159559,763.890837802,94.3393000985,2.65210552663,1051.26265695,668.724152005,2.73601374198,1076.09714664,703.518381424,5.69777089767,1036.65759183,218.331951088,5.31542412034
729.891243644,964.900931642,4.75137637641,577.896765724,876.843138766,4.67265456847,51.8083220108,655.590804118,5.75994483677,2.27215492579,1075.50740575,5.0296268565,222.680746173,420.586677597,5.00906699951
605.640230361,514.486073868,5.32596650635,163.57519349,108.585908699,5.54807089875,732.273744985,103.812835875,5.7806998557,739.143262147,40.1799497647,5.75690492397,726.025299509,315.188040558,5.67043747619
1085.09473073,405.32960495,4.22089101218,92.4571023181,213.247062303,4.79859108266,459.685899649,111.298853827,3.90758136299,42.0254926248,849.729823309,5.11750863236,982.771509308,1027.02362748,4.27023557562,704.389173555,162.193190428,4.09236714213,1286.5382419,594.336861653,5.2972114969,673.449100154,848.102080153,5.38066657355
264.369830782,997.264674308,5.23758157497,429.608150215,824.684434102,4.77277715078,760.39817514,469.704607657,4.3063036735,526.1975224,439.980069098,5.00679920271
1213.99972233,875.324405732,5.83033708128,153.183698749,69.7741416438,5.50890511573,131.90074852,1004.30129563,4.6575035585,262.414972442,443.085330076,3.70446464714,806.466519357,298.058128748,5.55926631333,1114.09091484,677.114336701,4.92092931295,1340.84126553,498.744169262,5.0077144837
1379.35293543,982.980439822,4.83674965454,1025.54310176,198.166585065,4.44600712398,433.140595767,361.671735947,5.52720203051,287.734796026,214.187401219,5.5739223115,1162.63107309,487.312543463,5.33365868272
432.81442747,280.287942426,5.19034173301,776.084078365,913.838634796,3.10876007329,1154.39443877,1005.47491681,5.56924112049,1016.6864669,189.786168256,5.09279923055,45.52110549,496.81907769,4.82330708351,487.205095617,560.086209615,5.57890919416,1218.42896972,652.697917367,5.31632090483,419.6497775,78.4579868334,5.72601162097
599.203598479,78.2048006344,5.50369805985,634.186845932,658.3316827,5.64510611205,634.137028714,110.37843673,5.69940652489,1093.36886881,421.130967421,4.70925575429,767.045685762,17.8264698603,3.78136644594,1352.39037419,750.355419233,5.78461068014,1339.17637446,592.156961971,5.18423789829,481.151024461,1039.74304791,5.61972845659,597.905804666,961.024895021,5.67492008923,1187.88537982,587.613884577,4.62161586716
556.110559878,364.342943862,5.36469516891,711.560642591,42.3050715197,4.86705864007,257.422962377,294.896416642,5.47066663759,1181.54362281,319.588253331,5.37088416484,1057.98827311,470.715384342,5.46699248954,714.095948548,631.642019979,5.77846744167
902.141738504,98.7836725267,5.69555198014,758.922149033,241.956948207,3.76672806168,1094.63204109,246.468777419,5.53937275101,871.729680966,674.351684067,5.71274913047,293.497668459,595.477547392,3.80635262381,608.842582633,294.912745193,5.74182770318,1040.86482997,967.708063597,5.81304428819,430.014900779,943.380775843,5.80335324252,1147.60496749,63.2485003249,4.47095398867,179.972640406,1001.45746281,5.36546901403,373.75300536,500.929850848,5.58096891602
926.572886156,786.964207172,5.7736001873,575.617832885,223.930990299,4.8226447731,383.697114572,802.318275183,5.5623908895,860.849506296,638.1468104,2.73641977492,359.075433173,275.082988883,4.85082039442,1225.08795481,163.522024393,5.0522859512,534.185812777,510.56517514,4.21437305585,428.037999742,889.993288442,5.71796910695
1380.45413118,1067.93740991,1.80728250495,866.264197194,991.625559346,5.7581938511,853.366300715,283.389839735,5.61806897267,1027.16302542,961.63034916,3.9761665638,3.48788732393,667.272974893,5.48690747837,1115.93848992,350.033807428,5.48334266277,728.700355354,1029.00039618,5.33141036909
1180.83595433,294.642748994,5.16759118521,683.359136993,653.591164417,5.73602035781,713.837941515,53.1280463227,5.34128227003
1080.97229903,1032.69816382,5.70182604701,1026.46399114,95.27111299,3.91423647539,17.5972210387,787.399241303,5.07511634771,104.381900033,723.520158298,5.26910646417,185.424917569,236.781577381,5.58124365031,1145.4558627,517.79105725,4.48293057493,963.189696043,787.242991451,5.61487402974
529.602976241,866.51564105,5.16347405284,412.907851454,1018.84935145,4.26590063422,393.570859984,1049.91797423,5.5839445282,211.19694686,723.357611537,5.28902784518,1052.42713769,267.774590635,5.58048444978,977.751492037,480.349079615,4.96877367653,1113.68064685,419.158359111,3.72163061923,222.360224368,320.106210029,4.64946578996,224.00870152,236.966200226,5.64134720589
269.734886907,519.001171908,4.18742583637,1231.04573239,666.384851676,3.61560573482,784.840170265,287.350616087,3.1660291253,132.929773009,1025.35514949,5.33229620618,676.500439668,81.5127535924,5.60464846321
34.1532422239,628.275121815,4.89402834877,27.9765626715,716.525804931,4.4704739355,1309.69323914,780.56939843,5.74893748885,962.943466592,587.146360748,5.26083999343,661.260451962,624.092493841,5.64569549888
696.907376234,404.773289249,2.70722879174,335.077190465,851.334433407,5.20205194722,1170.63372372,897.651214834,5.80144833232,989.902524622,81.2878280444,4.91602972785,1074.41568711,929.997233941,5.8119791787,467.950493604,618.69513251,5.03601319816,834.153317405,872.615343356,5.57109501559
923.65924332,455.236071907,5.54965984614,1304.29914375,470.604450616,5.02121560602,797.604357455,78.3996457513,5.44547480745,829.63992806,616.679819669,5.38650386428,1390.76676963,811.526811495,5.32451371639
890.528420991,895.754956185,4.75249788862,138.182209267,270.586153897,5.54879375046,236.468436533,625.056856103,5.23645839713,1024.81572397,63.3486973629,5.58849951903,681.237326187,710.337149316,4.67967735553
266.699136638,370.345099636,5.60569682737,1171.08110231,258.94233475,3.62825901734,114.696138486,86.8430104054,5.69876255487,255.422637206,257.939757257,3.87433083188,1166.18878123,514.650515465,5.06495856808,714.981428198,296.109031794,4.22114853511
617.189652803,997.71362505,5.67120460227,1065.72199724,940.253813213,5.36661006696,905.642855206,684.215639239,5.08018139652,835.512197543,275.385017672,5.619570317,156.650446629,839.15862609,4.40003155456,826.108136476,1069.55646257,4.76676704532,404.384422717,704.879211715,3.99548426771,547.389687177,29.3903740803,5.52675219925,289.240511582,99.6585579652,5.16815007286,1338.87690341,795.68730978,5.04646331993,608.175300863,1060.3300237,4.75463266198
401.810759337,97.1787940922,5.27246419711,1220.70776542,577.642703644,5.59928269483,146.242513816,183.338208025,2.06930612326,935.352608622,102.082545728,5.30490602807,842.311250063,302.963682331,4.09363408974,712.832487689,734.151092443,4.45088690996,1181.45529375,128.40579704,5.53627908584
781.422111374,281.984634488,4.85496991188,202.16877753,739.919152163,5.68334109552,49.6652251152,867.069935764,4.91375078065,272.226919993,671.248398405,4.49725838378,266.884197511,344.449475127,5.41639909076,522.070030392,208.282045631,4.8066854977
633.947184744,151.424185021,3.5514919942,112.084086669,656.985178937,5.69299824674,818.517551054,18.7185871167,4.77611900876,410.67834805,231.771111874,5.30250652017,1337.38163338,624.505756391,3.41643054517,380.229107777,217.230270073,5.7467532405,1203.3453891,685.027047582,5.13627945244
552.451665698,566.253954768,5.44769490592,1324.42579522,929.744767018,5.26103048784,535.106944552,410.214939472,5.7764477221,597.973215097,686.895609661,4.69394160208,655.414739777,1062.54038581,5.26579381481,621.120022391,677.406131347,3.62766398561,91.50476018,512.867112384,5.63643572888,748.919744704,94.1273963976,4.86003539792,626.106007267,705.149609617,5.81401929472,45.1108769378,163.701409876,5.4408534153,733.799214053,543.507888871,3.39555069672,403.373660761,481.954206622,5.20634808976
542.340414008,758.96638256,4.42033503118,1122.15549084,684.212176456,5.53086763801,1218.68575209,240.133267978,4.7901933667,1115.88864631,686.22314243,4.56638515781
1311.25237176,902.28014577,5.00355587196,134.171546259,980.956014349,5.5205941983
475.566361887,2.24224403776,5.56307754528,522.226678124,628.884846985,5.13923542317,82.1830856447,133.792468799,5.69415116752,852.882236231,376.636295237,5.77973087349,175.629676036,682.039676025,4.93556372913,243.254763464,98.1327078159,5.09013422293,174.8913925,979.118523895,4.35792787416
565.183446604,188.320838215,5.63956032944,43.5079121599,800.61241711,4.60400125154
1351.44007996,921.7019274,5.25783560928,348.59745323,443.441146208,5.49300260401
982.778681726,560.38911403,5.67184977546,1041.74574484,692.202940435,4.71870022269,440.826435516,196.123779773,5.81907343592,1364.01686586,940.18626077,5.13134626615,331.788163928,286.939123496,4.53939879133,539.959295424,382.654673071,5.70017802936,388.406827708,884.662913907,4.60131214857,480.796229875,264.499982278,4.05227925995
45.4918138389,101.187628686,5.15919088993,1058.08567144,849.700833181,4.99999813753,960.442352502,509.630519613,4.22686204268,113.295952104,1024.22618631,5.72189983933,830.161856772,395.09449765,5.76516641623
935.221674247,682.136313755,5.82329669688,45.4838704339,182.927356173,5.61696589588,203.650671872,183.791891234,5.25125838482,1144.94543995,168.878097654,5.70899115474
1331.47929286,80.3712231128,3.2474836723,877.630737771,653.833012224,5.73649211922,790.675291656,1005.7577923,5.78959114056,188.839522351,421.899289449,5.37742510099,866.32870299,524.684858484,4.44010056287,681.964815622,759.371146619,4.76956589259
177.728947853,736.744020103,4.5590987146,1343.45936705,888.927153946,5.00439749767,894.462836591,87.0502699808,5.66565444417
217.793483797,317.457956699,4.84114993177,13.8651829366,679.636487918,4.55565650038,454.687206671,50.9454045267,5.06576822049,108.655261247,1017.02624731,4.75531954681,1085.65648958,439.342232998,5.19692282706,1036.01492348,878.520678342,4.47592745187
782.91654648,433.347759658,5.39919113367,279.916267572,187.191607745,5.34140590929,129.316667256,141.827633366,4.71924866411,487.845369748,233.51123614,4.44338900153
537.330296555,11.5326707405,5.77284703271,344.438183841,11.3931178066,5.43837959753,1037.46413319,491.99317402,4.21858353409,149.977699277,335.61780757,5.3555177372,1378.59803923,726.372742211,2.99283189748,1021.98377311,870.576908004,5.47255522614,163.818216341,1032.19547326,5.29410202943
936.676842508,771.222312458,4.43729448866,727.309257114,620.396296887,4.89734882591,1319.03135265,184.822344743,5.67998470797
1288.52198645,1014.72544837,3.86012478014,64.2454736051,337.502104286,5.7049263361,733.692906339,16.2602293841,4.60461349859,1334.49524618,177.403929591,5.59996426429,1264.34604503,533.796355073,3.8507330678,1329.89227047,1066.45143719,5.43199575667,1077.68423854,465.505921383,5.58153364262
353.979621678,752.531306833,5.46137151881,389.193534359,604.668013584,4.53128684783,1027.17434353,474.281061019,1.79854841498,1098.11926411,833.827960121,5.61373099923,1101.49084809,36.9710801339,5.28294386912,99.21855269,753.307462432,5.32382527277,897.084088089,54.4660785105,4.79798815805,1156.95496967,226.150494119,5.54039932867
386.946526954,888.052680062,5.81013023812,334.229914309,310.230647166,3.69639783367,465.725081161,912.549086394,5.09180028562,164.197324841,759.18447858,3.84243990752
1033.01893945,519.41545376,5.18623289289,579.36703009,874.584766751,5.37847384337,1069.65415622,16.8368131827,4.90545530406,1285.32777699,87.6988082361,5.45363462078,575.33859389,996.547548766,5.38479094453,220.921020337,540.936810092,4.53716875933,859.65551344,653.724406784,4.53099944506
110.274967672,609.691070655,5.69231606218,1056.60054227,319.699464193,5.5411630786,748.370342456,324.789867431,4.31270799331,637.272239968,761.362964928,5.70156559213
442.112910536,535.924756469,3.85789461207,1318.19271084,178.438934447,5.58071333762,405.878599881,144.660300106,5.76566116869,1344.63998293,565.545268426,5.04603186588,1230.21829017,186.551858561,5.36684010038
1340.12110142,402.509147235,5.15265113422,1314.16826451,691.938931877,5.04296172278,299.066006198,934.488178561,5.76188474777,543.778526751,934.631157477,4.94547418677
1201.8114106,178.152135085,5.33642037347,1297.54893071,435.827917654,3.10453952864,708.79306328,356.119275022,4.42738986844,667.84346066,178.731082178,5.14420444848,849.194110491,805.561852629,5.65530024133,658.28906385,199.441252517,5.33834222717,219.287637791,681.82425787,4.82152336109
1138.70609282,399.255549442,5.40259100024,86.0766228937,460.413185364,5.61406586173,1305.32398274,666.285805426,5.43643096306,1386.97745318,77.2991782077,5.23246409443,1190.12123117,406.637966874,4.13877418397
672.843441882,610.355237035,5.45575051594,434.633894935,225.602222741,5.08121159664,946.062752234,275.286274622,5.24787261416,974.472317893,75.2647112676,5.54369398213,356.838750745,92.6605032223,5.35664732427,1077.40610763,1073.30177792,5.30449208263
1137.6061759,135.01612814,5.7019505641,600.45670378,663.532572624,4.75659943744,733.153596818,27.1217426269,4.44484350522
916.538239796,954.844009304,5.41377486955,446.407538875,1052.91702985,4.15805311188,936.610487809,736.115304314,5.09056794896,284.594307898,266.347968831,5.27087127728
52.1427074486,68.0519072066,4.83079032089,641.4244497,241.378842874,4.30274502357,147.658908387,1012.55243539,5.68774914956
1147.72714406,130.422802308,5.46688706679,874.416561298,114.849482154,4.65659873176,118.948318779,694.17715229,5.41273805054
860.764961793,956.647070952,5.01809635154,81.5454788226,647.403805702,5.83731471571,1390.4510275,164.50392733,5.82399993192
194.363719182,363.798831245,5.20496045768,1105.30590638,123.486256994,5.01013818911,681.653994924,1022.35818062,4.70603847478,914.552035822,606.508601683,5.67661869719
1121.83816232,982.975929984,5.55599569394,1189.53044965,391.632780623,5.01398689513,1346.28708754,1055.09125592,5.65446702388,868.553829071,32.1391074374,4.7504177295,1259.67976876,761.524377331,4.96767764234,634.082027168,898.101056827,5.02783319864,969.580886251,955.477566512,5.19703059807,245.983155458,443.939844618,4.2763250914
613.838757277,434.649634415,5.3202324288,1115.8290594,1004.62417457,5.66117796591,565.612744106,725.122662929,4.118495212,319.328157921,515.906270919,5.08511799215,1085.92712182,957.922852433,5.14741613007,1204.20520546,1051.10047396,5.27758856505,156.807055001,1075.79544096,5.25071782642,1228.95335505,219.640589373,5.76195473599
1057.5219983,140.621662083,5.2777574685,767.696404338,770.496250914,4.73298639002,984.121040502,570.387105841,4.61148534071
820.065354622,508.775339518,5.52655406896,1322.14629487,811.348678739,5.36279459964,728.317221259,484.681587953,4.13571147629,103.822604084,132.772277387,5.23311314803
670.515310823,95.0350575136,5.34078224866,920.914076949,134.380724051,4.61465412596
406.041240279,247.66853436,5.32848143813,1284.96933531,955.51479773,5.65689926718,940.850813336,27.1864137202,5.38705990255,162.034385424,717.406121606,4.10000878587,775.052897075,919.80360579,5.27357348977,1084.05820621,287.842430373,5.24796311871
1061.08325748,999.348413061,5.23121040157,32.0856292781,903.099500238,4.60340739501,1330.89678796,179.579683376,4.54696704545,916.296020212,511.104255829,5.04848384109,303.31976382,515.58916187,5.05198957211,1238.5020916,395.514584223,5.15196433518,782.308704391,281.438239933,4.78694966167,1185.25461217,396.208131472,5.65967130862,1202.231054,922.978311609,5.56373652655
923.927003732,617.852237886,5.71718774683,499.287234952,65.5924594109,5.76909349716,336.783005532,769.002963033,3.82258385696,222.922013373,269.497209963,5.36225508617,432.364876417,987.353959957,5.4372964832,1048.59742045,736.605573667,5.1686723459,145.429522431,716.068223856,5.62201547558,625.549941467,425.016494694,5.63337341322
209.00503053,768.575891798,5.73325198146,828.126825424,647.872733147,5.76176568854,905.912094179,1067.49802065,3.95472733706,56.7055641367,727.960780019,5.42346606014,939.051558458,245.935745558,4.88991660201,96.6103189228,871.832683878,4.41277526657,728.762948113,426.14825277,5.77853527569,57.3891307457,147.428687827,5.58479077728,726.106316885,501.862503077,3.84395265914,1316.58904348,531.849813292,5.55107949177,656.257529542,859.511785595,5.73818490823,456.938334401,124.963203213,4.29418754588,1324.8607403,413.488127537,3.42590531794,1018.02269937,253.674510688,5.16470662678
1059.9809384,612.442836856,4.86874062277,70.9725904634,260.761234646,5.18582041835,12.9363145943,233.132412677,5.21328407337
310.588199623,702.522070612,2.87811843566,1005.53914539,972.466905517,5.76136525353,470.15909217,235.24771106,5.52972943107,633.46637095,528.223230672,5.60088596409,81.8192536668,94.3574998015,4.45889490258,713.95372016,1003.10466619,5.56598200915
710.28768941,1049.55769269,2.81555316884,833.034271508,995.363316524,4.84931246576,178.367453258,1049.74227031,1.05362025083,960.267605231,999.787352659,4.96524997015,1140.80079095,450.75939486,5.35708684163,990.216233372,892.178288429,4.96270169703,620.591684083,378.28190291,5.0816944956
1027.9145151,19.5251882082,5.74405199067,1309.51398893,325.764484572,4.93687846329,887.525148209,651.390350187,4.78968287722,829.45093719,397.577336825,3.96046912195,322.301268558,477.308011839,5.42712653323,1253.64987518,1078.05032047,4.50609140385,1022.08878594,740.257410787,5.66872615953
434.747297249,786.383885263,4.98456706686,1106.96803946,725.714413734,5.2512014876
978.008196279,26.2373768755,4.21941688355,1008.70656807,1033.66185077,5.76232351342
353.192585735,426.392374512,5.11190740501,849.528964082,200.036603398,3.91775238444,125.878454042,99.2596846928,5.70363622342,416.201391618,577.500263201,5.74383258739
927.52570288,1065.87857903,5.51071692936,743.289207275,558.432929607,5.53839088017,401.67694301,335.935420215,3.62436345469,1365.0481607,18.4847358495,3.59261487628,558.084274031,942.486250147,4.30788638078
411.771751177,671.911036433,5.62215574615,20.996995698,1049.68040381,5.51590614928,2.86003221057,436.268069612,4.84048136693,1077.75375236,784.45516295,5.77482538919,210.74746557,837.33350322,5.76324179219,933.431411175,661.63738313,4.6820753799,1352.54855253,436.404166854,4.75297273293,1305.55485643,255.536974108,5.51119398216,1129.86972481,169.633873554,5.34287455541
180.658022615,371.715644331,4.01744249811,1019.41766313,643.849712423,5.15188013676,1335.18669548,617.63727994,5.65039728173,49.6661393382,379.223383577,5.21016083423,848.608106468,983.725378386,5.3194673022,246.313058688,312.0050979,4.83361499103,69.1902257449,1048.48265388,5.54129813014
195.774845022,58.9089716374,4.65274326835,797.37185323,939.399922076,4.41765522132,255.534912206,22.7376015439,5.69080302229,1324.88655308,648.593693037,4.64010001071,167.512284288,342.860374427,5.56055159889,271.291160245,1037.06387762,-1.43904895223,779.298793008,1073.45595156,5.45729915461,302.693128319,101.140357595,4.7994758419,919.11655509,897.172037606,5.66151714114,68.7760208338,813.007291311,5.71255884292,973.81340525,769.040692328,3.93343370668
266.066481872,76.0377561111,5.50042166477,649.955268356,535.983636784,5.41770472778,1288.30780314,714.923792762,4.90009671031,580.108985867,291.865982425,5.69067003021,1369.19914001,371.385427842,4.09036318157,412.108282403,1077.40167466,2.11412776602,1139.22051621,263.539889234,4.93320853296,574.041351623,323.700947672,5.41204145588,881.426499696,148.886362081,5.79897385081
749.010304291,203.450679338,4.92803402368,537.290690614,262.79010799,3.41443256926,987.92731556,297.572994706,5.37412890707
977.039921066,303.30357601,2.58627780527,389.913044447,635.985863687,4.07099866551,1264.74957204,378.324162469,3.674396058,1149.89650837,169.116369036,5.48056970943
400.905425069,501.353391039,5.82955392236,454.983556358,472.773674156,5.65725955965,574.232922878,882.082906972,5.601427612,329.55571322,985.003237465,2.07180876824
872.04312154,711.607294409,5.30486624681,423.457155986,986.387203221,5.11996291725,1321.93571345,726.396505096,3.49582541133,1026.22130504,539.271440974,3.96446572195,1153.03805053,267.322631288,3.54506923443
963.412943178,762.305499594,5.41093470074,855.510005071,572.181201201,5.76811378908,602.617268997,329.741079344,5.59891169465,331.430378285,674.316685284,5.63048203735
1382.48722979,968.128609737,4.72895742239,741.255472884,48.4170916731,2.05435621242,79.2039549437,684.564142054,5.27304993731,1294.50739175,945.772555196,5.64430130179,1143.93610277,873.550231862,4.46182125119,1189.6268521,667.68212184,4.74764589625,94.9265567332,3.83818568489,5.0152495747,313.109551065,349.213405098,4.58131148165,1358.17243072,987.953216359,2.73861410567,1384.36387492,966.990108028,5.60594064803,1006.32553462,922.709234377,5.53292725466,483.273919715,523.235480558,5.33577742934
766.168110668,670.002879588,5.51985938112,940.198534258,16.7092714687,3.83922833485,998.300303317,398.719208497,5.31089595455,1092.8894893,885.969792624,5.34957134359,1094.22978939,548.404332881,5.63630157725
944.522618755,118.333269958,5.14837747288,1073.76564169,614.625013656,5.82348053888,736.906642569,387.982341149,5.24387693569
1332.99230908,949.740961367,5.69838713725,229.459657658,234.647390629,4.3405213699,763.754256206,501.103481585,5.49065007737,786.369044833,914.280447037,4.32276746641,945.295250148,223.302569736,4.37751869873
938.597963784,296.697453283,4.78871879904,508.923535355,485.568390919,5.13117276721,1385.09855683,313.548591655,5.45698061104,1326.47362317,183.857588532,5.1929649163,842.850340121,759.47686481,5.53497038455,658.932986916,904.441155025,2.33529014934
382.768401871,404.6991902,0.434522966277,841.024556943,309.514519318,5.25818189624,700.678288631,1009.90310278,5.80242779129,503.356137226,1035.78866049,5.77701421795,237.734163434,819.805656072,4.41247889885
180.627404681,377.297325466,3.90037422647,927.391084371,135.147824844,4.97931684628,123.5691447,1000.7857978,5.17606886598,896.87884691,566.383746807,5.78712696235,1196.61452763,587.346128837,5.49060382749
384.841367891,753.230194326,4.97831040201,815.674245063,1004.47965414,5.50603396004
149.301902571,290.198274013,4.67590744984,1350.6208403,88.4678103076,5.79986107571,472.168196805,650.566080664,3.29964437291,958.012302603,459.066486774,5.26241669054,1024.61290303,789.929188077,5.25599656576,850.09555938,317.533074365,5.46082611096
190.579912647,766.881056354,5.62811157047,498.459359098,196.31378863,5.00473958397
1238.00867373,549.962609984,3.71983848702,542.823543388,536.121370601,5.66010513678,33.807095177,984.763796397,4.95123160149,478.553125356,57.4476705405,4.98123673794,572.201336794,235.544894351,2.8474843077,1161.25416611,979.287476117,5.19835215958,1018.0605596,262.610707877,5.72004966776
622.761670737,997.023245487,4.85112533704,526.994284073,12.6352463549,4.28511369991,1179.96742974,115.815925737,5.43139731754,629.945904922,342.697499359,5.54605023131,493.912873769,170.941212842,5.5497002148
582.124446099,735.444184107,2.52586825301,456.590436527,629.589385067,5.80991216012,1046.98987796,276.560290679,5.65621704896,364.145658689,327.603401843,4.33197404848,519.629651089,771.867038788,5.78657239244,576.457126317,1005.53780293,5.07891633821,431.425444719,821.79478088,5.81406738489,104.296673676,353.329046906,5.22899173755,673.15886784,230.12752769,2.09159308225,141.364926239,343.015976142,3.85676793045
1054.50158561,613.154004621,4.19498516287,1220.50697708,403.035600066,4.8131817802,1037.29667418,135.342024466,4.05083861254,688.354714606,356.172136077,3.59089356256,799.963273908,452.743413652,4.50789512509,368.322660921,27.7295184965,3.49214233632
990.310015212,300.329764987,5.62067051022,399.071231949,430.111626503,5.08613477206,1046.67368212,962.411318554,5.22769951175,137.159583937,1055.05793335,5.69628993069,841.014459209,631.687574039,4.65395262074,303.387074178,1022.21559869,5.57465095845,658.359902359,365.858658318,4.63401938344,813.032196265,377.5168977,4.73156866944
702.087906404,4.36578513145,5.35738871515,750.79722104,108.788837395,5.48799820729,542.20432794,729.582393848,4.61203054281,510.93299763,189.541089363,5.55464407781,616.964666382,787.795053151,5.59204484847,466.142238439,226.201977693,5.76543972096,825.256766619,194.680007691,5.69560699095,396.639780036,269.52087877,3.69750051506
662.304710298,1006.2122162,3.04868596869,1182.64733531,999.032072066,5.67025680983,1021.85358282,103.413799623,3.84394075987,474.603509651,949.014404704,5.29163724669,34.662887041,940.545442155,4.79333487188,471.241374712,168.788846389,3.62492701589,878.427651215,789.572103761,2.69859021382,711.841789122,105.560835802,5.4777158378
858.809022185,644.402906625,4.57021960476,235.166734302,1005.23717318,1.05839109611,541.877674069,974.075846763,4.76125359423,631.822951408,431.6482384,4.56036988679,1388.93345314,875.716208947,4.45443593666,680.388926817,705.535019788,5.12105928237,318.985610491,543.110809016,2.90016413245
206.066456664,268.872168598,4.86517309694,893.410648843,448.574925776,5.1428574993,266.834461161,905.772465797,5.28957859863,39.80350742,472.049552879,4.97563227767,1124.85533956,753.011158036,1.97186846111,1235.16164243,591.896041711,4.58468571721
51.1661274151,73.6178647708,5.10068814661,493.643097916,195.530326212,5.61903505592,1238.18433591,728.460369448,5.74087879825
194.581166589,624.319531245,4.2917562442,636.616961638,722.489550499,5.53331966627,1301.05292592,837.816314813,5.73345374955,388.153200888,965.424715557,4.96481931408,971.505803758,1029.28055683,5.71687814772,947.313786821,499.460603126,5.22826004557
849.002210064,612.00948738,4.96625388947,1021.97950298,902.28833062,4.89431887629,1243.13132529,847.251274034,4.9520140825
620.843507455,266.025839716,5.41157412546,312.379658265,699.84160504,2.28803171075,972.970428426,882.537439012,5.76209852517,1001.46036358,742.641072383,5.42891244355,213.213664893,458.097711799,4.96348535086
743.272150367,855.154347089,5.10845480692,931.356118084,943.776021213,5.01437531435,1194.81342614,687.712906181,5.74722543634,700.745300546,195.953626451,5.03125380239,806.550502633,738.945410035,4.91257044135,461.660441033,332.718902887,5.42688203774,508.903107564,471.4018842,5.50344706882,1021.43155254,420.531359718,5.70044301945
1143.30504468,577.494866118,5.67307151455,10.1192277325,419.01420707,5.28903862161,1327.06220977,976.214860996,5.5098203206,824.055007283,913.083061584,5.39179262332,372.156941088,708.142647732,5.17019045549,23.3111505085,338.541677082,4.20506357029,571.762465439,254.015719628,5.72671382423
984.76086858,985.850291642,3.51889866954,165.390221182,397.464056005,5.72372718952,1345.45932167,912.902504902,5.05897078679,665.834384532,215.396559023,4.91240320889,206.294093932,1046.28161977,5.77108395267,1109.86539963,158.009959346,5.64466178533,443.267108315,996.319528147,4.97103484223,358.794458118,823.765509728,3.77116954221
300.756882813,767.704681289,5.05159882659,1147.15480748,268.852287006,5.08823377701,1069.15114565,252.959046759,5.14055867646,870.723196048,372.473962763,4.26281851068,311.112837975,203.263285057,5.50963732512,1048.96303779,70.4857016134,5.27632475077
1095.5097843,708.345726844,4.34617070325,466.562129724,999.236534725,5.76690064902,836.673205778,534.279461674,5.33901168631,389.19054527,910.396502928,5.65954165369,775.760954306,370.742728326,5.70440305309
808.46177869,1032.89033182,5.56472987404,909.966468145,738.903590053,3.80664899401,979.072440492,878.689330786,5.26610167424,1117.07752853,377.212301873,5.5232179345,682.886390536,628.689167469,4.76259331107
528.712906397,847.556460884,5.3421018123,566.409923906,274.142701604,4.75232391861,430.282433633,1039.59343475,5.70829034587,342.095390777,620.321998133,5.45357597363,1163.23191986,689.886173314,5.69074557821
1264.79123419,204.020242693,5.14854350504,441.590289511,192.697995368,4.43526526182,867.046121773,425.794284282,4.96983211489,1218.35376419,629.242777054,5.75610428649,610.858035569,1019.82451808,5.35298449903,911.107697877,1006.28922758,5.30858162863,207.735240829,102.136811756,5.23960565325,1034.94561597,624.402495074,5.1748745378,37.5098972688,764.234389135,5.68298295652,1048.22313591,645.034011619,5.72611839793
168.654370983,87.3174030474,5.70537260162,1012.80389528,428.651582695,4.98371783599,1129.26171961,693.816383104,5.47526141742,449.758955884,860.219724644,5.79865617851,351.220618523,413.881920504,5.44910822502,1333.16971607,1019.24687736,3.5702042886
956.03391719,24.4426672652,5.60320527446,254.79018296,706.732151611,2.71834115682,867.529622819,230.367514033,4.75172713866,340.764144556,1043.63008558,5.67580633253,765.313290564,148.24384642,4.71865696021,98.5458259001,80.0656847036,4.40402486003,395.97514165,304.244729357,5.16962502383
406.865549552,950.832319269,5.62899139585,971.318535769,1034.42909213,4.50411174235,865.338404612,884.899489037,5.66225486267,1288.55446962,867.53686413,5.32432079842,718.782949906,963.573767092,2.80668558461
362.382692759,163.328343227,4.6423601094,987.889223755,592.584671368,5.27150709312,1318.26631081,202.005563036,5.71500849797,892.963766102,21.8365495224,4.76660847078,262.394581851,202.730333437,4.98351314879,666.332493999,509.350125589,3.38461946497,946.056928225,814.232545494,5.49694496492
443.995220348,24.8779766192,5.56371258478,386.214692603,317.557072789,4.58547750525,1297.08717592,626.679414792,5.77481554801,1049.46484744,130.422361012,5.83348600617,485.671863384,362.356081772,5.38764914093
78.364793881,250.544569251,5.28868238453,244.671180848,247.10495615,5.48894428552,295.452809347,987.825326236,5.54557654846,382.709504762,90.2414119891,4.49361819055
247.069622971,903.33862887,5.21453417508,216.808068585,372.93451586,5.43920332764,328.630833863,645.152556277,5.15411597793,434.088523852,470.947381263,4.48138674904,1355.99971934,899.073393307,4.28189001365,135.588519653,220.630000123,5.51505127617
1120.68980823,284.322059737,5.10397364813,402.448450981,654.581251784,2.62193100904,631.416439379,633.953627247,4.15345532182,333.898118247,894.235017351,4.38513376495,283.694866542,450.749002171,5.5041284239,464.477034571,116.435991563,5.71615130333
195.963463667,651.922062557,5.1259160905,1310.92141018,174.103946934,4.77942095314,133.53481646,358.118651292,5.36911055585,1124.56018023,450.915934358,5.45913135943,42.3285243091,475.733598193,5.53137205029,468.894288403,616.193298013,5.54279389149
624.350095851,1007.29259354,4.48221318254,736.954207029,1015.69879734,5.08624149093
1109.00951444,1002.17816301,4.64911400528,1112.24804917,988.703175627,4.56875092206,911.483386014,270.541074411,5.57504803808,1253.39336737,541.912927094,5.70468032194,882.566284538,243.0780686,4.20889248603,1253.82718952,544.774568088,4.33036468873
1167.30464194,256.114751067,4.26888216033,561.050143199,150.643431081,5.0148617707,8.43637772703,741.765257916,5.25428251299,766.562855828,988.607431403,5.40799341424,388.60693504,464.141228516,5.27220696012,768.836909721,23.4332165468,4.67084220043,922.044513824,236.413991375,3.35019875571,505.818398922,56.1912365138,5.18561382103
77.557497438,427.820097762,5.55779397093,1240.93951608,336.230388672,5.2138384789,975.458657605,241.484895258,5.36047570352,714.653333586,54.8721923,4.44084985081,275.826309103,485.606146889,5.56733023118
114.244771317,486.072478218,5.08703254097,786.254277138,944.861643506,5.3917170093,779.834532545,804.286642857,5.28733850925,717.360471359,613.321134691,3.69081195241,791.011171621,783.05616497,5.57700765109
1173.43459126,8.24598191083,4.95467207832,456.686196749,157.301084445,5.23647015138,291.742170296,534.515295048,4.86962007325,1256.79844153,1056.34324846,5.38677424833
1275.67505005,371.728162289,5.5763808849,1269.16405102,62.9787347751,3.39265557715,978.6621816,742.482011232,5.63624091853,392.476330706,54.4400953733,1.50798362233,405.684152366,1062.7500363,5.41859449645,1024.67092871,847.08748111,5.54414564159,358.985126823,878.836652242,5.53029462911,702.477117116,194.94378069,4.9434144709,225.665426317,919.538449172,5.59287572487,223.814474433,287.629344096,3.48790952622
361.834054383,95.5246169411,5.26873606572,764.224886171,861.990175335,5.61542738848,485.457653917,16.2111789276,5.76649879787,118.693991861,238.982958611,5.66723044227,48.8559000994,734.792206794,5.70843091479
1214.44056257,456.964430565,5.81309361455,867.221121623,407.206659945,4.57396816356,328.568541081,382.875737056,5.5899927466,1156.86592285,835.190162406,5.72708642065,1039.50532777,143.891526269,4.3263439426,263.956119907,514.038982642,4.56145436338,521.003602419,18.8347046871,3.91157631462,811.220361883,623.17614938,3.6601047949
943.363886768,777.330964806,5.60786700264,525.449026949,837.660830211,5.81086029241,412.143325407,540.656815334,2.88575357856,1140.05181317,536.278553819,5.24874237009,160.78081056,903.10953062,5.73721715636,833.9498547,574.613838463,5.44617307837,785.516224383,131.595842204,5.02297606862
201.572272269,638.424751037,4.75774355967,900.126299726,750.569520709,5.0642042311,1366.32730829,233.530107543,5.74008458137,1028.8589166,181.734097633,5.69950506699
1057.64409484,716.74547244,3.86599938556,836.195675238,743.232911091,4.35770111073,1216.96928642,557.955297781,4.28766071863,597.715568879,347.283863221,2.54335718236,728.628486719,446.414411126,5.78434533768,1148.03038321,202.703060482,5.69423339832,658.614017141,307.501933989,5.77407316474,956.686545783,723.180951266,4.86886062141,743.244606882,253.337974298,5.68204245789,279.041814466,770.379988044,4.56732924704
692.663603551,311.408220507,5.72608592742,1282.89063095,265.443649336,4.52831557527,1363.86600693,472.771388988,4.110412191,994.429558006,451.230126004,5.56805513135,381.493104445,174.521900324,4.74175833229,806.705589179,901.990925854,5.02068114116
937.804444114,1059.66915157,1.34669770883,1133.12875456,69.4334268076,5.70719633797,152.937012796,474.832122053,5.72742357855,973.490190396,475.053098488,5.25829625579
828.383305713,723.118293069,5.54709724322,388.548664109,147.248871631,5.69583310766
236.75465245,314.939034036,5.20668250237,911.43212233,1012.66574532,5.77563051519,392.93696784,1071.62811931,4.8582560917,912.875956061,605.303140775,4.02845352055,1169.03124431,585.056453205,4.86498658396
537.904613167,176.252946395,4.99586867933,1094.66504047,853.034237151,5.37779061111
427.531810885,355.336950578,5.29522590657,980.876358539,579.068022621,5.04326094791,254.707453511,910.917142452,4.53425169185,468.563758002,226.547511996,4.84096049662,778.369539977,385.743473309,3.20920771617,428.316168401,571.194448114,5.66493419367
1061.50467671,125.138438483,5.48100619422,1211.92932575,135.429541345,5.78994647299,1289.35390378,397.921966201,5.5922078875,794.944180139,378.409886237,4.95931295794,401.694192681,1007.63009712,5.40697635995,1264.01924353,962.101754138,5.7363859267,480.532271849,649.618843336,5.73597624537,364.888839984,863.828047234,3.35128903171
1001.68578919,321.051776278,5.46569123492,574.893549992,953.054237141,2.98188166465,365.547779594,284.810296088,5.46816778958,1207.15498109,919.902358849,3.87824516103
216.541613887,45.2074822158,5.79886017024,1008.29240145,596.149718502,4.23860268169,343.706980802,326.891108327,3.30085452708,686.463058967,591.549993671,2.86502638214,74.2023638026,205.86658212,5.79884438639
1124.02646921,55.419633989,4.94007629678,113.283271411,365.424771927,5.40663408866,1024.46544311,725.103058281,5.08246471662,1210.70091014,156.449064682,4.4964714959,1322.41721068,429.764855729,4.22910613336,55.8565382023,1032.66480969,5.66921006995
396.041112022,771.864868112,5.61520134157,930.120093791,1012.94101255,5.47821551928
824.138176713,980.13440767,3.49069908142,1253.88811638,667.559292794,5.61227064852,1242.15434168,766.22544091,5.42871303699,733.747053775,655.89690882,5.59764956355
85.5473827877,85.4763548184,5.32082039436,844.902397509,644.024306979,5.70948835664,650.49881953,523.86528437,4.33082560436
1238.02083799,618.224431204,4.58046516387,851.709300984,303.198196085,5.76374342919,848.611830858,865.412704988,5.43104657958
942.722806327,280.329415155,4.90954765842,240.806080613,680.335565353,5.64386803432,690.6340082,202.860510519,5.62002944395,645.713473595,415.639350414,5.43520348861
531.698492896,708.139309037,5.57097040592,488.642589403,710.263409966,5.63123323153
923.701108816,225.600246976,2.88359059754,925.024650785,226.115025642,5.64684679013
588.168274896,54.5280221568,4.86671082385,311.080248548,893.809219534,5.62942260874,321.896753199,131.623146375,5.11671341965
93.0749611733,498.891725063,4.00811660198,433.62257177,665.294520603,3.63911310867,939.404498676,533.122073764,3.83792345552,498.704956731,1043.29882682,4.79599451437
248.817122627,86.3064007345,4.92041782537,1265.78379473,916.682146335,4.41824233326,1373.17346497,15.8387253888,5.5623010135,1272.75959633,345.067509786,5.21581269706,281.468668798,621.454105839,4.59507825981
606.504883821,1077.4186039,5.72021699986,516.221693368,397.192546172,5.60149936753,124.221119925,97.541979869,5.5977044158,34.5306218061,92.6881393512,5.73919409341,573.137643181,854.927299637,3.94992878693,1136.33279705,429.046906476,5.73066460486,1272.3962114,274.034845039,3.97940324535
864.692598551,476.935614154,5.64661316073,55.4650381101,476.86639486,5.68505188893,646.945240524,267.07206559,4.8910044893,1247.8221481,950.803745312,5.83666463341,300.259900387,286.586654906,5.54570177262,921.80106385,995.517868906,4.62303387154,813.389219892,135.706300114,2.54752046621,1193.87638589,560.792873521,4.1144942742,910.053141704,798.568798941,5.29911252306
532.365163688,21.4880991261,5.67666153216,169.159395626,18.5382076633,4.93291393997,698.675454527,378.741617282,2.85351975468,1308.24398155,961.273642983,5.37519188512,144.300714862,917.447746028,0.761338264934,548.542354707,27.2739939647,5.83360175106,521.290884101,717.537182611,5.27267952052,1145.46595975,429.158724845,5.32214361272,858.820328216,417.788465613,4.00671318798,477.796105742,45.127709773,5.64995812372,390.909540285,248.196916782,4.68959970898,25.0831357541,80.879740961,5.1579333289
1368.16859054,9.59060484721,5.65482131805,770.355472524,531.365382698,5.6169107259
698.357085366,286.73738337,4.80159035662,1348.97935972,940.511726749,5.44154725732,1099.73909797,331.535420794,4.40251988104
799.754458199,886.038349042,5.70721438948,1090.73131932,33.1298308359,5.19113281953,1116.80011692,118.339307812,4.65820831459,178.818840673,198.877112574,2.06063908855,1095.27243261,52.6490635223,5.48690628065,677.4093026,693.82309018,5.17011985842,615.09428732,350.551255715,5.57361225463,1061.64528567,176.049002047,4.1526384545,1062.84003086,654.271705164,4.97049307766,672.81456486,829.460245616,5.58887295848
629.830167489,335.694674046,4.96469974023,790.956239969,956.380238722,3.09072402642
346.291840621,162.983649777,2.83255513643,108.594185404,80.4233682129,4.67124344006,216.65040747,617.12047779,3.63690089526,841.828975307,502.367224282,5.36116067629,1010.29782098,451.015508828,4.92682418725,1286.96528721,495.129982373,5.26081817325,466.927928912,775.049878071,5.7971219777
920.7140623,829.966380115,4.39484490739,1129.55507342,434.516359249,5.61256346052,366.97811774,186.548505844,4.67598453538,1106.20871406,538.343718468,4.63973854175,122.063449588,200.334269408,5.06011204326,860.49282048,397.633163279,5.18944146577
1213.18698578,137.508055663,5.52904323181,42.7161119757,867.773809749,5.02124923948,911.014031061,804.125475306,5.68664729723,252.016826875,459.061132771,4.70903266957,418.065298886,622.801777156,4.67126775319,1031.50104826,370.325212445,2.72605856791,1330.84705038,872.305321737,5.49999469304,835.243174982,883.636160814,5.02545800551,831.020184747,1069.17696856,4.56513811827,1207.73032496,107.612786136,5.44899746738
1161.77461452,441.173535419,4.97103494204,365.929911661,700.897926394,5.55805137476,752.740462543,599.4750698,5.77014929702,819.914230717,587.806309751,5.4532022408,939.556079395,466.939300888,5.63210166051,426.912711031,513.632835828,0.443078679763,1122.10018923,859.970295981,5.78169721557,493.908581984,501.172136853,5.18343629477,1273.83750798,724.075721947,5.73471234598
634.687164399,47.1816228988,5.14664187371,879.362063914,524.275191119,3.69831670039,137.808511992,965.226073435,5.33795087344,700.865722443,452.326106499,4.63581160883,309.985488276,164.782776566,4.91019008873
1292.87624197,830.043821832,5.71830231047,609.641251091,758.68906829,3.79849470748
919.562849679,724.443353884,5.31806724677,550.084685372,893.798548437,4.42364197436,461.089732121,301.406979952,5.14775607175,465.941973792,522.477561045,5.32047727501,884.490028122,733.942149257,4.96574035376
723.296349847,234.457065703,5.05901111783,1193.45828702,561.897202567,3.73932175214,501.640901965,482.292301535,4.6698631275,1241.95731347,388.34604092,5.74609797521,464.84059979,446.15985253,5.10122099521,268.968479745,904.127177646,5.49937591538
446.414469743,18.2928427231,4.42073718277,122.560629694,1052.86650499,5.40375914043,969.981101319,659.776535376,4.39325269606,426.730587677,184.710161716,5.52110558104,1149.85863761,791.652802422,4.62402563572,439.020785468,249.610304682,3.21407937364
1155.34534254,1009.57808689,5.71576092009,914.53570993,1032.21163193,2.09471395399,875.357384564,692.453763853,4.46818724989,768.199861281,247.707788834,5.82039740599,427.458709252,746.023525936,3.87359589026,1133.79550949,582.246526764,4.58370402366,383.310862039,1007.91155606,5.28835636692,62.6323601381,767.847311221,4.43120351966,1257.77128736,197.249708729,5.43754874162
1032.18717332,514.896395122,4.95496343926,906.594158556,327.015887426,4.99041354141,1178.30437703,285.162985635,5.0991683223,36.3194090501,753.402775101,4.70094372066,576.538797748,550.394118329,5.50989471874
279.520500159,501.595736157,5.18522300774,946.285753157,918.892079199,4.71178284918,278.465875094,465.461115617,5.63344026356,1248.2622401,555.913199174,5.38954963614,303.988520691,336.794187144,4.79739150264,75.0314582426,825.039903207,5.81689426226,896.55819884,422.989597882,5.63771607928,343.575251623,926.534254458,5.8171191044,707.903357765,693.270202733,5.58842628442
823.789295271,662.84580803,5.61711959007,546.411830509,371.700250369,5.80754685036,875.496834444,9.99139016208,5.73639259851,1172.00368578,1006.10166505,5.58150662135,154.992385371,811.463059043,5.57630938458,1391.30930564,17.530596076,5.49298069247,1370.67538731,571.275970074,5.7015653924
576.028463352,229.715087114,4.45951850096,133.048192167,800.151928578,5.76203540239,993.324673889,253.09839766,5.50230021969,814.75855041,187.486419493,4.04065632571,52.1113368102,942.512663545,5.12120496437
318.412552601,386.163473672,5.42951415695,217.125945497,254.572186294,5.73700076785,1277.38901756,665.870171609,5.82442286577,241.862401694,404.25559953,4.90592081903,1306.14585596,759.830088619,5.59260559594,1025.14999203,78.6161659721,5.16025588682,799.371044071,433.166809164,5.41287212083,970.022838726,537.766207962,5.5575373081,28.6259603655,906.07249357,5.79008639056,624.398933417,1027.65643793,5.53748703847
967.31615055,70.7384216998,5.45158905053,651.015288551,743.833585479,4.88848824613,359.01270334,838.430257625,5.46955815528,1307.66083088,289.741578669,5.42197221922
386.592267671,461.634460338,5.62419913987,850.508645031,991.051142745,5.6317638534,1130.45592027,437.822971685,5.5438530893,1228.27243177,526.914751346,4.81457780155,715.096706824,690.65169507,5.5764116771
796.017010607,468.784111146,5.54896176106,474.73787013,217.984504701,5.34451864245,754.607619918,821.969935765,5.05898317476,297.883174026,677.139960165,4.79282608496,428.912268685,997.285741696,4.69332609229,775.603466564,231.063251666,5.65742135535,237.915420629,338.098434133,4.38653567528,566.166344939,598.066991561,5.46025676247,351.202633465,1033.92719565,1.24802843434,448.141499121,158.271489238,3.53354627634,1012.15131184,257.777465591,3.7207821037,735.056987919,671.249247976,4.7728202762,124.188668957,307.898689058,5.62309119944,159.99560849,153.558182833,4.75227350688
1304.74346053,713.7875954,5.73232704338,1343.28025798,393.020934303,5.39921301913,469.054117312,907.269949108,5.7907573596,527.954524368,65.9961540847,5.7140275797
1126.83436014,310.500272466,5.729072799,96.8098410976,112.554461932,5.68834524892,442.825708601,949.791878989,4.15208462829,477.83607734,83.3663536683,5.47910044636,688.67377362,80.1320914166,4.49489454321,1293.23402744,325.915977064,5.62908265706,721.184849596,842.660382972,5.69773492347
1118.58397432,69.4900001344,5.68083963626,503.620302053,587.214666679,3.43046035531,1361.53890993,260.015138622,5.70529522821,707.123705303,128.830306289,5.12070987744,116.898747326,627.514105996,2.58592503011,1120.82465772,142.081935132,5.51097610167,117.689079371,757.562960277,5.48602706988,1370.47387054,808.861509423,4.40082285528
815.277951213,342.41104985,5.03686586212,426.626744643,748.129723159,5.522847493,942.030011878,462.314937742,4.99614012368
94.0026440794,957.708157175,4.91767632038,1179.23101067,215.492183376,5.77139812073,6.5315210134,433.899172988,3.8311279196,1014.68359899,461.656302731,4.26523466926
772.297373504,388.28269845,4.23324477023,1009.2964493,663.394878579,5.02017990265,898.619664951,578.236934655,5.70942676133,149.430274989,382.734225627,5.4298596541,144.265715261,1031.00602993,4.86710319407,1028.91298176,219.609722395,5.70560149717
852.386985317,99.3071625429,5.68106519004,217.622494753,721.870300006,4.59922127559,276.435826603,525.454133626,5.1247032588,637.570690636,624.064302774,4.78049304937
270.15524571,305.93570084,4.8756238474,28.2814665207,172.3219099,5.42928974138,496.019452774,381.295591732,5.08949664849,491.55898095,254.195378486,4.7374990668,953.491600595,844.899197438,3.68103131581,42.2734185467,677.828617243,5.62317212898
289.583122959,191.433691322,4.23066560259,15.4714090888,392.958935467,3.85634663059,85.8153123014,911.683176965,4.83525598236,423.924520362,273.065593359,5.73074890833,431.312951544,351.527426714,4.02642790862,954.615051414,383.605066091,5.30195658545
684.511380855,155.173188538,4.81407459683,660.428594311,266.525999163,4.05173765666,462.112452216,793.066285245,4.91164495671,330.034860412,312.066290894,5.60243183466,1238.82444427,170.198337636,5.49195249007,652.547797659,391.170629377,5.22711697983,3.23060548339,290.508790247,3.10758280083,948.044679918,910.166281396,4.5130092229
183.701651172,755.10058543,5.5378166665,740.467270498,249.549733999,5.45861473061,1025.75621126,645.329297433,5.01832295364,619.9925627,553.728763319,4.10703780264,291.950234411,544.891291743,5.19036957287,1042.78451974,119.997026266,-0.63871686409
229.092876696,180.799087711,5.78016666058,1382.81558141,548.20331842,4.9419610023,646.504733247,1008.95142732,5.45593426699,1080.39907356,869.732738147,4.80308597619,1253.25665215,9.58016751104,4.6480981618,427.40843349,1020.53440577,4.90196670954
789.972833311,153.703385127,5.34618713658,1019.11373991,647.143201157,5.34163743131,735.246110829,195.665877766,5.68408673806,634.372159032,876.038923896,4.98938680074,370.414298226,271.091179929,5.48598400335,1081.33070369,657.77506024,5.54701091929,565.179222246,455.528097886,4.66658541165,161.236544114,57.0880371566,5.51259654816,1254.18430422,988.591807359,5.31066467963
453.371776543,394.693852465,5.7025600294,575.206266797,935.971437048,4.92882146756,875.114142564,896.215438884,3.5976888776,795.785716773,975.66342887,4.8538447814,336.068236727,140.325399585,5.32963231725,157.400498574,851.676150702,4.78067601035,383.184810958,1068.67876986,5.3662791753
1298.82263518,504.197005676,5.45343794865,1278.63638264,321.312117142,5.72277599639,1241.06373299,834.601896214,5.76863882423
597.380166156,812.380783202,5.49480579925,1172.18625221,283.955290149,5.81304284099,170.989308865,797.867569772,4.48253614993,693.878963131,665.654280026,4.04326147336,746.401303157,770.320136838,5.7102877689
805.257572414,254.817118838,4.08289896947,1257.12638786,758.686790101,5.47059251056,399.630796784,249.646297237,5.31548037008,911.766290755,175.954940478,5.41168645934,763.942212176,243.298214833,5.5996907065,1087.00037724,267.223464306,5.81233797164,533.70494664,347.828645539,5.41562159517,1337.98493007,1061.47519587,4.56004392848,601.485523061,304.735332303,5.70492720819,5.81622511069,1061.92458341,5.58291983566
301.637236952,339.788241902,5.69915878112,935.230864552,526.426758267,5.04487877826,302.057736746,219.686069493,4.98844043844,1381.50336491,119.72873069,5.05096385211,224.912806011,734.132828939,5.4202753283,465.808792377,227.206519646,5.69611455856,1002.887953,441.6687447,5.46783018603
788.266125142,373.951655482,2.79165694941,231.38425551,1056.2717364,4.56075409695,712.818119705,669.402105145,5.37141457477,920.002961184,340.156174266,4.72429001049,327.486245393,966.660583227,5.42387153953,730.536884975,564.269964165,5.56347886301,919.397897728,150.002109737,5.77953365517,667.35068697,700.677733576,4.3332322815,984.987063067,755.203354914,5.82582274239
991.033624194,129.474217455,5.36234729518,495.650597074,113.692393366,5.11701971759,43.5966384302,1027.70579292,4.65328844461,402.543046804,1036.91629299,2.82763904056
1240.4277583,997.796135972,5.02982680041,783.262495197,392.967060361,5.45639092544
944.722407878,630.729902394,4.79645751669,545.755445488,1014.77551356,5.53879563906
530.66970608,309.400278519,4.08665512501,175.334982567,1075.11196233,5.52357096016,1111.31798239,91.865976923,4.77717976843,54.0220338469,77.3764730261,5.35552688812,366.823042651,508.587973193,5.71820639957,1231.32492265,195.318071623,3.47354758764,611.059368064,821.600598327,5.55338929771
999.784924392,76.5581686614,4.03598096633,162.165503108,140.461840565,5.6312580713,1006.02288669,830.786884259,5.24206569372,378.621271727,936.211586224,4.95573579951
1351.32320098,841.673632696,5.3480833825,820.564929157,132.17608218,5.52427039775
1160.03068362,508.240592908,5.77530679507,11.7122206458,728.596561331,5.66822462571,18.294820545,976.783516653,5.67168223196,1111.64186944,925.171335201,5.79267308354,534.555226447,476.325888365,4.25873044691,675.913691851,297.582537835,5.51304409802,1029.82786734,981.468461804,5.38489164081,1309.50664964,946.043627632,5.72431411034,790.873733351,926.3431385,5.27877042078
127.48835797,558.713562932,5.82602181438,27.8469794602,511.288420205,4.58117848599,761.048878423,655.916812509,5.37734458465,667.721106105,401.720442853,5.61783362357,457.544862815,816.476354042,5.22041982615,27.8458579122,513.204093462,5.73283504191,354.978694985,350.13306222,2.63895528619,455.602224245,1063.46511826,5.71125619672
1249.52839009,155.632031614,5.40228176326,342.377756529,245.636195247,5.74809081167,1059.20664946,1064.58088639,3.63686027363
142.722085292,754.867219345,5.50766620705,1015.55613031,120.549715374,4.45667879376,753.294304231,337.827366695,4.21752418962,973.428682942,490.038109922,4.82122507003
904.454494792,446.384627605,4.90962660779,1210.6044173,360.006289763,4.67384475995,810.145998508,62.7414537962,4.60228034605,355.656789781,16.3576103628,4.0380412958,173.154365545,262.183636179,4.62683947937,730.381817051,868.64026629,5.36481549918,353.532105163,15.6659969199,5.05634849335,916.612059443,277.701870217,1.28168024647,916.011040982,568.721636255,5.26048917467,425.96053089,1011.68482279,5.38476805519,1073.5702362,186.840221963,5.63746888596,1058.86411134,1045.16007981,3.58083248254,158.759538925,789.172148529,5.75830734597,325.936597442,584.28433671,5.01593900061,295.591377601,751.080549002,1.59011538873,832.103996251,745.0943003,5.44637098341,1079.03114202,128.088466963,5.72543205669
716.60630554,581.460928637,4.62518329961,978.868465716,464.272035135,4.34210761251,1016.14297491,95.7016690988,5.43814162805,101.629709141,604.589681309,5.69224725156,14.7591701375,605.422014424,4.75092868656,736.228682228,127.191847488,5.53640272973
512.924246925,14.9715879418,2.07732667442,78.4969283752,889.164919345,5.12499224926
1222.78219937,75.6857892947,4.53403200389,704.635164714,853.433819208,5.11531190193,694.361472568,103.937848696,5.77284058945,456.176811678,242.724144253,4.59725295475,17.3259299139,222.632335386,3.80224737888,438.896823464,743.776776785,3.80025339764,341.026684924,36.2604120871,5.56591585002
1235.13896964,862.541507188,4.63508979265,579.580296692,455.447998579,4.94542575898,922.029519169,926.182336222,5.68562820777
1235.90779966,950.662841549,5.69529909483,600.421946147,464.201182056,5.45341266292,603.159895822,459.144148939,5.05724720671
965.940889797,1024.16337053,5.74855557639,909.705963314,707.326575309,3.7092967597,704.850057478,654.211472205,3.59875238025,1324.97974416,716.934854173,5.12597967446
