20894,21735,20901,21402,-1,20732,-1,20995,21273,21039,-1,-1,-1,20804,-1,21036,21589
14376,15696,14893
-1,23043,-1,-1,22565,23497
-1,97290,95188,-1,96496,95168
-1,-1,-1,-1,21823,22545,-1
50799,50191,-1,-1,-1,-1,-1,-1,50241,-1,-1,-1,50103
108870,108431,-1,-1,-1,-1,-1,-1,-1,110109,-1,-1
109693,113116
-1,19921,18772,18597,-1,-1
-1,22834,22509,-1,22845,-1,-1,22449,-1,-1,-1,22833,-1,22157,-1,-1,22044
-1,-1,55687,55282,-1
-1,-1,-1,114775,114132,115054,-1,-1,-1,-1
-1,59232,-1,59607,-1,60463,-1,-1,-1,-1,-1
2920,-1,5542,3801,2854,5336,-1,-1,3544,-1
97118,-1,98110,97295
-1,16340,17584,-1,17358,16147,16499,16470,16335,16826,15770,18212,-1,18396,-1,17932
-1,109352,-1,-1,-1,109730,107975,109410,-1,-1,109056,-1,107763
26451,-1,25539,-1,25945,-1,-1,-1,-1,26064
-1,-1,-1,-1,-1,55716,55642,-1
3721,-1,7650,3750,-1,-1,5926,9480,8016,-1,9598
-1,64623,65144,63945
-1,75973,76041,-1,-1,-1,-1,75257,-1,-1,-1,-1,-1
29451,-1,-1,-1,-1,-1,-1,-1
-1,1168,729
-1,-1,60351,-1,-1,59501,-1,59847,-1,-1
-1,87808,-1,-1,-1,-1,-1,87563,-1,-1,-1,-1
74380,-1,-1,73807,74376,74117,-1,73111,-1,75181,74006,75206,-1,74911
-1,49583
67664,-1,-1,-1,65522,-1,-1,-1,-1,65468,64390
38438,-1,38827,38152
40875,39221,40646,39995,40305
-1,-1,29919,30679,-1,30060,-1,-1,29730,-1,29246,27971,-1
96516,96837
-1,72370,73223,-1,68815,-1,-1
34922,34065,35029,-1,35347,-1,-1,35181,-1,34081,34834,34899
109289,-1,109404,-1
66798,68756,-1,-1,67627
25492,25984,25001,-1,26536,-1,-1,-1,26396,25428
46390,46404,-1,-1,-1,45811,-1,46982,46221,-1,45527
-1,45075,42527,45333,-1,43903,43644,42438,-1
-1,115102,114254,114366,113246
-1,-1,48615,-1,-1,-1
15338,14576,-1,13949,-1,14354,-1,-1,14817,-1,-1,-1
-1,-1,-1,-1,-1,-1,-1,-1,57565
-1,76243,76219,-1,-1,-1,-1,75127,-1,-1
-1,62325,-1,-1,-1,61960,-1,-1,-1,-1,62267
-1,-1,-1,97496,-1,-1,-1,-1,-1,98337,98920,97365,-1
-1,-1,-1,-1,44154,-1
10320,9440,9677,-1
96536,96950,97063,96808
42527,-1,-1,42438,42080,-1,45075,45038,-1,43903,44857
-1,-1,48615,-1
-1,38373,-1,-1,-1,-1,-1,-1,-1,-1,-1
-1,32912,-1
-1,107773,-1,-1
54539,55560,-1
58082,-1,-1,-1,-1,57613
-1,-1,-1,-1,96483,-1,97966,-1,-1,-1,-1
-1,-1,-1,-1,-1,-1,-1,-1
-1,-1,44798,-1
-1,42835,43305,42146,-1,-1,-1
-1,106944,107144,107575,-1,-1,-1
-1,-1,96837,-1,96840,-1,96516,-1,95822,96957
-1,-1,-1,64425,-1,66438,66849,65271,-1,-1,-1,64583
-1,47193,-1,-1,-1,-1,-1,-1,-1,-1,39538,-1
-1,-1,-1,-1,-1,-1,-1,-1
-1,-1,-1,-1,69373,-1,-1,-1,-1,-1
-1,116611
47717,-1,50676,-1,50493,48774,-1,-1,-1
-1,33415,-1,-1,-1,-1,-1,-1,32562,-1,-1
-1,-1
-1,-1,-1,78207,-1,79005
-1,107763,-1,-1,-1,107975,-1,107310,-1,-1
11021,10305,10723,9589,11046
-1,-1,42712,43878,42177,-1,-1,-1,44337,42088,42834,-1,-1
-1,-1,-1,66234,66634,67301,-1,-1,-1,-1,-1,-1
39943,40259,39906,39734,39095,-1,40990
6692,5566,5589,7965
-1,-1,2081,2072,-1
-1,65595,-1,-1,-1,69112,-1,-1
88794,-1,89773,88817
100310,100027,100345,99572,100064
-1,-1,-1,-1,31446,-1,31159,-1,30728,30419
47594,-1,47013,-1,-1,-1,-1,46977,47654,-1,-1,-1,-1,-1
-1,40943,-1,40326,40091,-1,41323,-1,-1,40706
90191,91926,91919,91973,91971,-1,91262,-1,-1
-1,80337,-1,80390,78747,-1,-1,80672,78970,-1,78918,-1,-1,-1
-1,-1,95168,95188,-1,-1,-1,-1,95176,95564,-1,-1,94820,-1,96496,-1
-1,-1,-1,-1,-1,53781,-1,-1,-1,-1
24505,-1,26460
80054,-1,-1,79497,-1,80675,-1,-1,78662,-1,79153,79689
-1,-1,32968,32921,33277,32246,-1
14893,-1,-1,-1,-1,-1,-1,15549,15154,14677,-1,15696
56675,59151
-1,86742,-1,-1,-1,-1,85355,-1,-1,85749
-1,14146,-1,13942,13288,13835,13782
-1,108060,-1,-1,-1,-1,109240,-1,-1,-1,-1,107887
-1,111449,112211
-1,3277,-1,-1,-1,3170,-1,3405,-1,-1,-1,-1
111710,112961,113184,113686,-1
106592,-1,-1,-1,-1,-1,-1,-1,-1
-1,-1,93203,-1,-1,93747,-1,93244,-1,-1,-1
41515,40344,40678,40321,-1,-1,40274,-1,40943,40706,-1,-1
-1,-1,-1,-1,-1,-1,-1,-1,-1
109602,110992,110371,-1
-1,-1,-1,-1,-1,-1,-1,35907,-1,-1
2475,2912,-1,-1,-1,2942,-1
-1,23871,-1,24010,25278,-1,-1,23835,-1,24197,-1,-1
68940,-1,-1,-1,69427,-1,-1,-1,-1
-1,77070,-1
-1,74392,-1
61379,-1
59151,60000,-1,-1,58905,58484,-1
-1,-1,4906,-1,5346,5737
16281,15192,16292,-1
-1,-1,-1,42146,-1,-1,-1
-1,-1,-1,-1,-1,-1,-1,-1,80898,-1
82775,-1,-1,82671,82716,-1,-1,-1,84150,82676,-1,82729,84143,82493
105199,-1,-1,106801,-1,105268,107586,-1,-1,109017,108317,107418,-1,-1,109005,108924
33184,-1,-1,-1,-1,-1,32617,33971,-1,33878,32698
2762,-1,-1,-1,-1,-1,2353,-1,3193
98375,-1,97886,97961,97077,97679,97765
-1,50241,-1,-1,50799,51610,-1,-1,-1,-1,-1,50191,-1,-1,51561
-1,114971,115738,-1,-1,-1,115830,-1,-1,-1,-1,-1,-1
-1,-1,115769,-1,114948,-1
-1,-1,15549,15696,-1
-1,-1,19949,-1,-1,-1,-1,-1,-1
-1,5896,-1,-1
-1,75119,76133,-1,-1,74689,74901,-1,-1,-1
-1,27955,29034,-1,-1,28010,27766,-1
-1,-1,-1,-1,-1
-1,-1,-1,-1,29490,-1,-1,26882,-1
3909,3849,-1,4587,-1,5296,-1,-1,-1,-1,5364,4371,5164,-1
-1,-1,-1,-1,-1,-1,-1,-1,-1,-1
27890,28991
24254,24732,-1,-1,-1,-1,-1,-1,-1,-1,-1
94141,95077,-1,94820,93683,95564
-1,-1,80054,-1,82110,-1,80675,83081,82171,83535
-1,86313,-1,86019,86565,-1
-1,-1,-1,67472,-1,-1,68245,67464
21743,23430,23554,23668
12871,-1,13141,14240,-1,13884
117447,-1,-1,-1,115590,-1,-1
-1,-1,-1,89925,90342,-1,89935,-1,-1,91883,-1,90923,-1,-1
-1,-1,-1,-1,-1,-1,7955,-1,-1
3414,4675,3504,3478
-1,-1,88048,-1,-1
49593,-1,-1,-1,-1,-1,-1,-1,-1,-1,-1
112374,-1,-1,-1,-1,-1,110649,-1
95656,-1,94336,-1,95853,-1,-1,94779,-1,93713,-1
-1,-1,-1,21139,-1,20884,-1,-1,20341
-1,-1,106044,-1,107835,-1,-1,-1
73937,-1,-1,74239,-1,-1,-1,73284,73566,73624
109789,-1,109737
24340,24879,-1,25292,24504,25541,24727,24799
25583,25555,24010,-1,25278,-1,24197,-1,25499,-1,-1
-1,-1,-1
-1,-1,73536,-1,74689,73193,-1
-1,-1,-1,80375,-1,-1,-1,81290,-1,81292
62541,61960,62325
42286,40429,-1,-1,38994,-1,39903,41037,39070,-1,38908,-1,38783
-1,88816,-1,-1,-1,-1
35699,-1,-1,36238,-1,37300,-1,-1,37908
47267,-1,-1,-1,47963,-1,-1,48561,-1,-1
-1,-1,103569,-1,104031,103571,102633
-1,63024,-1,-1,-1,-1,-1,-1,-1,-1,62223
-1,80463,-1,-1,-1,-1,-1,81008,-1
-1,-1,-1,-1,23693,-1,-1,-1,25429,-1,-1
-1,-1,-1,106592,106278,-1,-1,106786,-1,-1,-1
52043,51912,52742,-1,53154,51849,-1,-1,52004,51192,-1,52102,52922,54463,52405,53253,-1,-1,-1,52468
32938,33558,32855,-1,-1
23015,-1,23179,22678
38901,-1,-1,-1,-1,-1,-1,39487,-1,-1,39380
81833,-1,80460
48319,-1,-1,-1,-1,-1
-1,-1,-1,-1,-1,92814,-1
-1,-1,100435,99824,99951,-1,-1,-1,-1,-1,-1,-1,-1,99853
-1,84012
-1,-1,-1,117073,-1,-1,-1,116310
-1,92689,-1,92549,91013
-1,11484,-1,11249,-1,-1,-1
76470,76600,-1,-1,76259
-1,-1,-1,29895,-1,30324,30836,31592,31564
-1,20901,19799,-1,-1,19740,-1,21402,-1,-1,19860,-1,-1,-1,-1,20522
-1,-1,1096,-1,761,930
-1,-1,87563,-1,-1
-1,-1,-1,-1,69989,-1,-1,-1,-1,69536,-1
-1,-1,87314,86305
-1,-1,-1,-1,-1,-1,-1,-1,-1
116611,-1,-1,-1
64852,66200,-1,65198
-1,1599,-1,-1,-1,-1,117088,-1,118121,118322,-1,-1,-1,-1
-1,-1,-1,-1,-1,-1,-1,-1,-1,-1
109857,109972,111795,-1,108772,109572,111362,-1,110991,-1,-1,109492,-1,-1,-1,-1
56034,-1,-1,-1,-1,-1,55560,56770,-1,-1
-1,41075,-1,-1,-1
-1,-1,-1,-1,-1,21743,-1,-1,-1,-1,-1
-1,91004,-1,-1,90496,-1,-1
-1,-1,-1,-1,-1,-1,104732,103145,-1,-1,104371,104185,-1
86796,-1,-1,-1,-1,-1,87314,-1,86305,-1,-1
-1,-1,111810,-1,-1,-1,-1
-1,-1,88380,90496,89678,88469,-1,-1,89153,-1,-1
38211,38427,37891,38382
52370,52678,52487,50083,-1,-1,52502,52701,50847,52419,52221,52736
-1,-1,67459,67927,-1,-1,-1,67787,-1
-1,37279,38373,38962,-1
-1,66803
25768,24829
-1,-1,-1,81724,-1,-1,-1,-1,-1,-1
-1,-1,-1,-1,-1,61498,61468,-1,61789,-1,60855,60463
75501,-1,-1,76939,-1,-1,-1,-1,76297,-1,-1,76207,-1,75439
-1,-1,841,-1,1372,-1,-1,1921,-1,-1
-1,24822,23835,-1,-1,25278,-1,-1,25499
-1,-1,-1,-1,-1,48455
-1,-1,-1,94376,-1,-1,-1,-1,95081,92969,-1
-1,65721,-1,64823,-1,-1,-1,-1,-1,-1,-1
-1,-1,43813,-1,-1,-1,-1,-1,44406,-1,44659
114822,-1,-1
-1,-1,64803,-1,-1,-1,-1,-1
-1,114421,114775,114407,-1,113902,115054,114131,114382,-1
5542,-1,-1,-1,-1
34802,35406,35363,35264,34339,35393,35202,34495,35226,-1
34473,32912,-1,34481
-1,-1,-1,-1,30247
-1,66065,66563,-1,-1,-1,-1,-1,-1,-1,-1
-1,-1
-1,-1,63143,-1,-1,-1,-1,-1,-1
-1,3607,-1,3505,-1,4104,-1,-1,3741
88122,-1,-1,86414
-1,-1,-1,-1,74896
-1,17351,-1,-1,18213,-1,-1,17874,-1,-1,-1,16112,-1,-1
83367,82504,83254
-1,-1,9132,8796,-1,9621,10053,-1,-1,-1
75304,75177,74066,-1,-1,-1
73909,75043
19777,-1,20922
-1,-1,-1,117452,-1,-1,118277,761,-1,930,183
-1,-1,-1,1562,1158,-1,-1,1191,-1
-1,13108,-1,12640,-1,-1,-1,-1,-1,13165
-1,-1,-1,-1,-1,91139,92088,-1,92768,-1,-1,-1,-1
-1,61317,-1,-1,-1,-1,62641,-1
-1,-1,-1,-1,-1,64238,-1,-1
89290,90422,91494,90842,90830,89507,90982,90200,90853
60449,-1,-1,60610,-1,-1,60735,-1
-1,-1,-1,66936,-1,-1,-1,-1
-1,89918,89000,89065,88964
10306,-1,10535,-1,-1,-1,10540,-1,-1,-1
-1,32810,-1,-1,33856,-1,-1,33579,-1,34624,-1
-1,-1,-1,-1,106856,107151,-1,106944,-1,107144
-1,-1
52727,53530,-1,54137,-1,-1,51986,-1,-1,-1
107517,108036,-1,-1,-1
-1,-1,-1,57512,-1,56480,58379,-1,-1,57870,-1,-1,-1
-1,-1,66400,-1,-1,66065,-1,-1,67143,-1,-1,66563
95619,-1,-1,-1,95456,-1
104680,-1,104738,104177,103882,105382
87558,88192,-1,87108,88290,86742,87812
11918,-1,12122,-1
-1,12486,13265,13225,-1,-1,-1,-1,-1
-1,26865,-1,-1,25606,-1,27072,-1,-1,-1,-1,-1,-1,25853
-1,-1,-1,-1,-1,20922,-1,-1,-1,-1
113562,-1,114366,113532,-1,-1,-1,-1,113368,-1,114254,-1,113669
93085,92111,93498,92761,-1,-1,92845,-1,93057,93683,92747,92390,-1,-1,94141,-1
355,873,-1
-1,-1,79349,-1,-1,80898,-1
58590,58510,59309
-1,-1,98332,94150,98495,-1,-1,-1,97534,-1,-1,-1,-1
-1,-1,52407,-1,-1,-1,-1,52841,-1
-1,24010,25499,-1,24197,23607,-1,25278,-1,25583,-1,25555
-1,-1,-1,41325,-1,40526,-1,41400
36186,34045,35180,35727,35487,35951
-1,41817,42662,-1,-1,-1
19398,-1,-1,-1
83613,84177,-1,84671,83430,84345
-1,-1,30972,-1,-1,-1,-1,-1,-1
40678,40274,-1,40344,41515,-1,40321,40943,40706
-1,-1,-1,-1,-1,-1,-1,13288
3781,2021,-1
-1,-1,52727,50609,-1,51635,-1,-1,51986,51561,-1
-1,-1
25583,25278,26451,-1,25950,25539,-1,26382,25945,-1,26064,25499,-1
-1,-1,118281,-1,-1,-1,-1,-1,-1
-1,109474,106032,-1,-1,107119,-1,107230,109400,-1,108535,-1
-1,-1,-1,77622,77257,77163,-1,77070,-1,-1
-1,-1,-1,63414
52338,-1,-1,50933,-1,-1,52353,-1,-1,-1,50448
35785,37609,-1
-1,-1,-1,73133,-1,-1,-1,73310,-1,-1
41616,-1,-1,40155,-1,40096,-1,-1,42564,41639,40285,41621,39690,-1,39961,42679,-1,-1,-1
30122,-1,31037
-1,37441,38639
-1,27639
78592,-1,79101,-1,-1,-1,79992,-1,-1,-1,-1
-1,-1,-1,-1,-1,-1,-1,-1,-1,-1
37173,36431,37229,36917,-1,36848,-1,-1,-1,36024,36817,36795,36168,-1,-1,-1,37590
-1,-1,20776,-1,-1,-1,-1,23265,-1,20982,-1,-1,20860,-1
-1,-1,-1,-1,-1,-1,83962,82369,-1
-1,105268,108226,-1,105972
-1,37300,37908,36616,36760,-1
101421,-1
-1,-1,39567,-1,-1
32759,31688,31870,-1,32385,32810,32366,-1,-1,32292,-1
-1,85822,-1,82080,85699
-1,90037,90541,90968,89642,90124,-1,90074
12530,-1,-1,11738,-1,-1,11791,12387,-1
32864,33104,-1
-1,46914,46594,46950,45675,-1,47175
91532,-1,-1,-1,-1,92136,91105,-1,91726,-1,90804
40282,39566,-1,38957,38500,39919,38518,-1,39970,38267,39953
-1,-1,-1,-1,-1,-1,-1,-1,109240,-1
35589,33779,36444,35564
-1,76397,-1,-1,-1,-1,76297,76829,76552,-1,-1,76371
37391,-1,-1,-1,-1,11767,-1,-1
-1,90664,-1,-1,-1,-1,-1,-1,-1
-1,-1,53316,54029,-1,-1,53778,-1,-1,-1,-1,-1
-1,-1,-1,49220,-1,-1,-1,-1,-1,-1,-1
48926,-1,-1,-1,-1,-1,-1,-1,-1,-1
-1,-1,-1,85670,-1,-1,-1,84950
12247,-1,-1,-1,-1,-1,-1,-1,-1,-1,-1,11791
-1,-1,53154,55581,-1,-1,54840,55425,55849,-1,-1,-1,-1,-1
33804,-1,33977,33856,33152,-1,33478,-1,34360,34579,34444,33575,33579
-1,95066,-1,-1
-1,-1,10819,-1,10340,-1,-1,-1
-1,36429,36962,36046,-1,-1,-1,35846,-1,35941,-1,-1,-1,-1,37428
-1,73841,76568,73695,-1,-1,-1,-1
91139,-1,90637,-1,-1,-1
-1,-1,64407,64924,-1,-1
77060,76333,75352,-1,-1,-1
-1,28098,-1,28899
-1,-1,-1,-1,-1,-1,103530,-1,103359,-1,-1,-1,104516
-1,-1,-1,-1,-1,-1,-1,-1,-1,-1
-1,94068,94727
-1,-1,41935,-1,-1,-1,-1,-1,-1,-1,-1
98819,98754,-1,-1
95937,95073
-1,9977,10644,10670,9021,10064
37096,-1,-1,35795,35363,35406,-1,35957,36778,-1,-1,36143,37223,35855
-1,-1,-1,-1,33415,-1,33485,33377
10305,-1,9589,-1,-1,-1
-1,-1,-1,-1,-1,-1,-1,115830,-1,-1,115227
44626,-1,45238,44283,-1,45571,44382,-1,-1,-1,-1
46578,-1,-1,-1,-1,-1,47187,-1,47758,47592,-1,48559,-1,-1,47522,-1
-1,-1,-1,-1,15416,-1,15876,16168
106944,107144,-1,-1,-1,-1,-1,-1
-1,-1,-1,-1,52965,-1,-1,-1,-1,-1,52841,52407
-1,1921,841
46509,-1,-1,-1,46776,-1,-1,-1,-1
103673,104085,102333,-1,-1,-1,-1,-1,-1,102950
-1,73166,-1
104365,-1,105143,-1,103226,-1,-1,-1,-1,-1,-1,-1,104019,104963
-1,-1,-1,69415,-1,-1,-1,68895,68581
77070,-1,-1,-1,-1,77257
-1,-1,-1,32104,-1,-1,-1,-1,-1,31681,-1,-1,31277
-1,-1,-1,58587,59803,58188,-1
72125,-1,-1,-1,-1,71571,-1,-1,71762,-1,-1,72659,-1
-1,66640
-1,13490,-1,13879,-1,14576,-1,-1,14817,14354,-1,-1
-1,87212,-1,86182,87833,-1
-1,48613,48287,-1,-1,-1,-1,-1,49485,-1,-1,-1
-1,37701,-1,37441,39847,-1
-1,86219,89937,89908,-1,86614,87728,86620,-1
-1,-1,-1,-1,59923,-1,59468,-1,-1,59847,60170,-1,60351
-1,-1,98583,-1,101093,-1,100357,-1,-1,-1,-1
-1,-1,34888,34301,-1,36396,36251
-1,37606,39360,39061,38846,39429,37664,38872,40096,-1,-1,-1,38414,-1
55016,-1
86414,-1,88122,-1,-1,-1
92646,93148,93624,-1,-1,93815
26219,-1,-1,-1,-1,-1,-1,-1,-1,24659,-1,26649
95937,-1,96468,-1,-1,-1,96807,95585,-1,-1,-1
-1,31827,-1,32492,32809,-1,-1,32677,33347,32349,32411,-1,-1,-1,-1,-1
101899,102453,102066,102488,-1
82110,-1,80675,-1,80874,-1,-1,82171,-1,-1,82363,-1,-1,-1,-1
57380,-1,-1,-1,-1,-1,-1,58110,-1,56779,57562,-1,57328
-1,-1,-1,-1,-1,-1,67384,-1
37921,38712,-1,-1,-1,-1
-1,-1,-1,54561,-1,-1,-1,-1,53699,-1,-1,-1
14109,-1,-1,-1,-1,14376
-1,70638,-1,70248,-1,-1,60000,69896,68009
-1,-1,57670,58654
35785,34912,-1
-1,81008
-1,22453,22220,21476,-1,-1
-1,109422,109285,-1,108294,-1,-1,-1,-1,109404,109289,-1,-1
-1,33914,32104,-1,33715,-1,-1,32753,33937
-1,-1,-1,-1,-1,-1,-1,-1
19860,18805,-1,19719,-1,-1,19799,-1,19740,-1,18975
-1,50685,-1,-1,-1,47594,-1,46977,-1,-1,-1
-1,-1,-1,-1,-1,-1,-1,2219,-1
-1,74392,-1,73945,-1,72622,-1,-1,-1,73184
-1,-1,104365,-1,-1,-1,-1,104963,-1,103226,104019,-1
-1,-1,-1,-1,-1,100591,-1,100469,-1,-1
-1,1647,-1,-1,-1,-1,377,-1
-1,-1,-1,-1,-1,82480
-1,-1,-1,49363,-1,48402,-1,-1,49005
40646,42527,40772
67153,66563,-1,66065,-1,-1,-1,-1,-1,-1,-1
18907,-1,19719,-1,18957,-1,19860,19799,-1,18805,19554,-1,-1,18975,19740
-1,-1,-1,-1,48519,-1,47943
-1,-1,-1,-1,101474,100122,100587,-1,-1,-1,-1
90930,-1,90133,-1
-1,35181,33357,35020,-1,-1,-1,-1,-1,34922,35029,34834,-1,34899,-1
81833,-1
-1,92768,92088,-1,-1,-1,-1,93393,93256
-1,-1,-1,-1,-1,-1,-1,-1,86565,-1,-1
-1,-1,-1,14110,-1,-1,-1,-1,-1
96100,95081,97433,94376,98702
60044,-1,-1,-1,-1,58952,59504,-1
-1,-1,27654,-1,27072,-1,26865,-1,-1,-1,27533,-1,-1,-1
-1,-1,-1,95372,96683,96302,-1,-1,-1
-1,88404,-1,-1,-1,-1,-1,-1,88048,-1,88670
-1,29294,-1,30436,-1,-1,-1,-1,31125,-1
-1,-1,-1,-1,-1,-1,-1,-1,103227
60781,-1,60260,61084,60379,59747,62327,60969,61136,60059
-1,61968,-1,62325,-1,62267,61960,-1,-1,-1,-1
117301,115395,-1,115990,115590,-1,-1,-1,-1
-1,-1,-1,-1,-1,82493,-1,82775,-1,81972,-1,-1,82676,82729,82671
-1,-1,-1,-1,-1,-1,-1,40526,-1,-1,41325
-1,-1,-1,-1,-1,-1,-1,-1,-1,-1
76397,76371,77541,76829
34909,34440,35350
-1,30651,-1,-1,-1,30247,-1,-1,31665,-1,-1,32609,-1
-1,81724,-1,-1,80793,-1,-1,-1,-1,-1
112832,-1,-1,-1,114132,113902,-1
92951,93580,92946,93051
-1,113969,-1,-1,-1,-1,-1
-1,-1,76127,-1,75049,75178,-1,77048,75695,75312,-1
-1,-1,761,-1,-1,118277,-1,-1,1708,183,930,-1
-1,87936,88726,-1,-1,-1,-1,-1,-1,89290,87073,-1,-1,87294,-1
35180,36186,35727,35615,-1,-1,35951,35487,-1
36896,36393,36429,37629,35941,37826,36046
-1,-1,-1,43496,-1,-1,42835,-1,-1,-1
-1,-1,-1,-1,107162,-1,-1,-1,-1,106999,107235,106711
27566,31897,26394,-1
-1,-1,-1,-1,103530,-1,103359,-1,-1,-1,-1,-1,105282,103632,105497
-1,-1,109410,-1,109654,109352
17457,-1,-1,16846,17506,16852,-1,-1
-1,-1,-1,-1
117088,-1,115908,-1,-1,-1,-1,118121,-1
-1,-1,89115,-1,-1,-1,90930,-1,90133,-1,-1,-1
-1,2006,-1,-1,-1,-1
-1,-1,-1,-1,-1,-1,-1,-1,-1,-1
-1,-1,-1,106787,106897,-1,-1,-1
-1,116389,-1,-1,-1
-1,-1,-1,-1,86414,-1,-1
-1,-1,-1,-1,-1,13965,-1,-1,-1,12777,-1,-1
-1,-1,22730,23123,-1,-1,-1,-1,24331,-1,-1,23408,22797,-1
-1,-1,-1,-1,19398,-1,18543,-1,-1,-1,19011,18647,-1,-1
-1,-1,24436,-1,25247,-1,-1,-1,-1,-1,24674,-1
97966,98633,-1,-1,97650,-1,98416,-1,-1,97928
51495,50954,51438,-1,-1
-1,-1,71075,72012,-1
-1,-1,-1,87072,-1,-1,86011,85423
207,-1,531,117447,330,-1
-1,84380,-1,-1,-1,-1,-1,84606,85112
-1,-1,-1,-1,-1,-1,-1
-1,-1,-1,-1,-1,-1,-1,-1,-1
-1,-1,-1,-1,-1,-1,-1,-1,-1,104085
117887,-1,-1,145,-1,-1,118209,-1,-1,-1,-1,-1,117375
-1,60044,-1,-1,-1,-1,-1,-1,-1,58952,-1,-1,59504
114939,115033,-1,115115,-1,-1,114855,-1,-1
-1,-1,-1,-1,-1,-1
58654,-1,-1,-1
-1,-1,-1,52686,-1,-1
-1,-1,-1,80309,-1,-1,-1,-1,-1,81660,-1
-1,83313,-1,-1,83207,-1,81693,82587
-1,-1,107315,-1,-1,-1,-1,-1,-1,-1,-1
-1,11569,-1,-1,-1,12239,-1,-1,-1
-1,28328,27243,28790,28287
92161,91118,90762,92043
-1,-1,6514,-1,-1
65420,-1,-1,-1,-1,-1
79357,81126,-1,80704,80953
-1,35987,-1,35120,35005,34033
-1,82073,82402,-1,82673,83000,-1
71419,-1,-1,-1,-1,71500,70574,-1,70576,70915,-1,-1,71352
68103,-1,-1,-1,-1,-1,-1,-1,-1,-1
57803,-1,-1,-1,-1,56700,-1,57371,56518,56573,-1
20982,20776,20860,19461,14417,13055
-1,-1,-1,26882,29490,-1,-1,-1,-1,-1
105140,104174,-1,-1,-1,-1,-1
-1,41075,-1
-1,-1,-1
-1,-1,-1,-1,52085,52737
100907,100453,-1,100108,-1,100122,99968,-1,100044,100069,101067
9589,10723
-1,-1,-1,112832,-1,-1,-1
87261,86698,-1,-1,-1,-1,86670,85927,-1,86170,87073,-1,87294
95619,93667,93864,93506
-1,37450,37664,-1,37329,-1,36363,37297,37915,37819,37322,38010,38455
-1,950,-1,655,1288,-1,-1
42913,-1,42177,42726,42459,41081,39566,41296,41861,42535,42536,-1,42715,-1,41483,-1,42504
-1,-1,66563,67153,67786,-1,-1,-1,-1,66065,-1
38518,38917,39919,39953,40077,-1,40285,39690,40155,38089,38500,38872,39970,38957,38164,38020
-1,-1,-1,-1,-1,-1,-1,16509,17534,-1
116758,115126,-1,-1,115404,-1
-1,-1,-1,100751,-1,103227,-1,-1,-1,-1
-1,-1,-1,-1,-1,-1,-1,78527,-1,-1,-1
86565,-1,-1,86313,-1,88048
10064,9570,8433,-1,-1,-1,-1,-1,-1,-1,-1,-1
-1,105652,-1,105703,-1,107472,-1,-1,-1,-1,106140,105411,-1,-1,107354
-1,80047,80057,-1,-1,-1,76013,-1
114831,116380,115770
-1,-1,-1,63355,-1,64241,-1,-1,-1,-1,-1,-1
17854,17585,17959,-1,-1,-1,19129
-1,12153,-1,-1
-1,73193,72631,-1,-1,-1,73497,73536,-1,-1,73165
-1,-1,57111
-1,-1,-1,-1,-1,-1,75530,-1,-1,-1
-1,70248,69896,72370,-1,-1,-1,-1,-1,-1,68815,-1
99889,-1,99639,-1,-1,99675,97757,-1,-1,-1,-1,-1,-1,100437
-1,-1,-1,35487,35180,-1,34045,-1,-1,-1,-1,35615,-1
109786,-1,109737,110529,-1,-1,110391,-1,-1,-1
-1,16263,-1,-1,16142,-1,-1,-1
-1,-1,-1,-1,-1,-1,-1,100751
19011,19511,18543,19777,18647
34752,-1,-1,-1,35907,35341
-1,113532,114254,113368,113246,-1,113669
-1,-1,-1,-1,-1,-1,-1,-1,-1
79101,-1,-1,-1,-1,-1,-1,78592,-1,79992,-1,-1
41037,42129,42568,43499,43105,42134
98702,-1,-1,-1,-1,98583
88714,-1,89507,90830,89112,-1,-1,90422
25768,-1,-1,23482,-1,-1,-1,-1,-1
88128,-1,-1,-1,-1,-1,-1,-1
89605,89042,-1,-1,87393,-1,-1,-1
-1,-1,-1,54879,-1,53954,-1,-1,-1
66821,67234,67973,67836,67703,65810,-1,-1,66657,-1
-1,-1,-1,-1,-1,26460
-1,72210,-1,73184
-1,-1,-1,-1,-1,-1,-1,-1,83635,-1,83262,-1
-1,-1,-1,-1,-1,-1,-1
31681,31277,30099,-1
-1,-1,-1,-1,12273,-1,-1,-1,14862
84012,-1
-1,-1,37921,-1
65535,66656,-1,-1,65936,-1,-1,-1,67244
-1,-1,-1,-1,-1,23453,23179,-1,23767,24340,-1
-1,-1,-1,-1,-1,-1,-1,5300,-1,4770,-1,-1
-1,-1,-1,-1,-1,103981,-1,-1,-1
-1,-1,-1,-1,-1,86036,-1,-1,-1
-1,-1,92202,-1,-1,-1,-1,-1,92175
-1,-1,-1,-1,-1,-1,101984,-1,102026,103226,-1
-1,-1,-1,-1,-1,13288,14146,-1,-1
56497,-1,-1,56573,-1,-1,57371,56700,56518,-1,-1
-1,-1,87563,-1,-1,-1,-1,-1,-1,87808
-1,-1,54061,-1,52353,-1,-1,-1,-1
-1,-1,100541
-1,-1,-1,-1,-1,-1,-1,-1,-1
-1,-1,-1,-1,-1,-1,-1,-1,-1,14915
54539,53781,53295
23668,24505,23430,-1
79387,79672,79375,-1,-1,79005,79540
-1,-1,-1,-1,-1,-1,-1
103675,-1,-1,-1,103511
18975,-1,18089,18805,18957,-1,-1,-1,-1,-1,-1,19554,-1,18907,-1,-1
76952,76267,-1,-1,-1,-1
112590,-1,-1,-1
-1,94648,-1,-1,92056,92782
-1,-1,82422,81693,-1,-1,-1,-1
-1,-1,-1,-1,3607,-1,-1,-1,3505,-1,3741,4104,-1,-1
97650,96483,-1,-1,-1,97928,-1,-1,96327
-1,-1,-1,-1,-1,-1,-1,-1
-1,-1,66417,-1,-1,-1,65466
-1,87194,86667,-1,-1,-1,86254,-1,-1,86731,-1
-1,-1,-1,-1,-1,-1,-1
-1,-1,-1,-1,49569,-1,-1,-1
96620,97635
39070,-1,38783,-1,38994,-1,-1,-1,38908,-1,38160
-1,-1,97749
20042,-1,20535
-1,66417,-1,66763
-1,-1,-1,-1,-1,15457,-1,-1,-1
-1,71284,-1,-1,-1,-1,72105,71995
51056,50935,-1,-1,51685,-1,-1
-1,-1,-1,-1,-1,40107,-1
-1,-1,116264,-1,-1,-1
-1,-1,101868,-1,-1,-1,-1,101867
55763,56391,-1,-1,56319,-1,56000
-1,-1,-1,64179
-1,-1,-1,-1,-1,56391,-1,-1,56319,-1,-1,57443
-1,-1,-1,-1,17440,-1,-1,-1,-1,-1,-1
-1,-1,-1,41816,42806,-1,41909,-1,-1,-1,-1
-1,-1,22573,-1,-1,-1,-1,-1,-1,-1,-1
-1,-1,17534
80399,-1,-1,80763,-1,-1,-1,-1,81266,-1,79881
-1,-1,-1,116355,-1,117503
-1,-1,-1,19780,19921,-1,-1,-1,-1,-1,20825,19805,-1,21253,21479,20384,22040,-1
-1,-1,-1,-1,51046,51362,-1
19921,21281
-1,85385,84833,-1,-1,85185,-1,-1,-1
-1,-1,-1,-1,-1,63916,-1,-1
-1,-1,-1,-1,19983,-1,-1,-1,20380,-1,-1,-1
106897,106787,-1,105502,-1,-1,107348,-1,-1
-1,10819
81122,81472,-1,81702,-1
13244,14131,-1,-1
-1,-1,-1,-1,-1,-1,-1,-1,85147,-1
-1,-1,70755,70794
-1,-1,-1,2355,677,-1,-1
-1,-1,-1,-1,-1,24732,-1,-1
-1,-1,-1,-1,-1,-1,73620,73350,74649,-1,-1
-1,-1,-1,-1,45333,-1,43644,-1,-1
-1,-1,-1,-1,-1
-1,35710,-1,-1,-1,-1,-1,-1,34267,-1,-1,-1
22881,22263,-1,21763,-1,22325,22479,22860,22028,23166,-1,-1
-1,-1,-1,-1,-1,-1,-1,-1,-1,-1
101421,-1,101800,101916,-1,-1
-1,20704,20591,-1,-1,-1,-1,-1,-1,-1,20252,20579,-1,-1
-1,16852,17103
-1,-1,38211,36981,37891,37379,-1,-1
-1,-1,44824,-1,-1,-1,-1
-1,-1,-1,-1,-1,13244,-1,-1
-1,-1,22783,-1,-1
-1,-1,-1,-1,65728,-1,-1,-1,-1,63503
48002,-1,-1,-1,-1,-1,-1,45571,-1,-1,-1,-1
-1,13244,-1,-1,-1,-1,-1
-1,-1,-1,-1,-1
112529,-1,-1,113148,112211,-1,113136,-1
-1,32814,32249,31978,31119,32362,-1
-1,-1,30247,-1,-1,-1
-1,-1,-1,20266,21452
-1,29225,-1,30343,-1,29655,-1,-1,-1
-1,-1,-1,21763,22028,-1,22325,-1,-1,-1,22479,22086,22263,-1
90156,-1,-1,92512,-1,-1,90905,-1,-1,-1,-1,92997,-1
-1,110078,107089,-1,-1,-1,-1
-1,73310,-1,-1,73133,73473,72934,-1,-1,-1
-1,74778,-1,-1,-1,-1,73036,-1,74750,74941,-1,75308,74824,-1,75323
-1,-1,-1,-1,-1,-1,-1,-1
-1,-1,-1,-1,-1
107230,108535,110725,109474,-1,106032,109400,107119
-1,-1,-1,98842,-1,-1,-1
-1,42911,41822,-1
-1,-1,54951,-1,-1,-1,-1,53417,54487,-1
-1,-1,20042,-1,-1,-1,-1,-1,-1,-1
-1,-1,-1,-1
-1,-1,58684,-1,-1,-1,-1,-1,-1
76618,-1,-1,77562,-1,-1,77645
-1,-1,88886,-1,88267,88331,-1,-1,88899,88128,-1
-1,112948,-1,-1,-1,-1,113532,113669,-1,114254,115102,113246,-1,-1,113368
-1,-1,-1,46511,46813,-1,-1
27949,28358
-1,-1,105576,104234,104750,-1
-1,-1,-1,-1,-1,32844,34752,-1,35341,-1,-1
-1,-1,47431,-1,-1,-1,46776,-1,-1,47960,-1
-1,19284,19038,18735,-1,18471,-1
-1,-1,-1,-1,-1,87563,-1
-1,-1,-1,83962,-1
-1,-1,54327,-1,-1,55657,-1,57696,-1
42312,42679,42564,43347,43082,43413,44299,43023,43148,42884,42570
-1,-1,-1,-1,-1
-1,99031,-1,100587,98863,-1,-1,-1,99841,-1,-1,-1
55657,56675,58905,-1,-1,59151,-1,-1,-1
-1,35350,-1,35699,34088
-1,-1,-1,-1,-1,47959,48883,-1,-1,-1
61960,-1,-1,-1,-1,-1,-1,62325,-1,62541
34033,34215,35005
70069,70264,-1,71683,69618,-1,71681,71184
16210,15863,16826,16147,-1,16335,16470,16244,15770,17358,-1
-1,52727,-1,-1,-1,-1,-1,-1,-1,50609,51986,-1,-1,51635
-1,93526,93805,93717
86414,85379,86182,-1,-1
-1,-1,-1,-1,-1,-1,74305
-1,18141,-1,-1,17457,-1,18606,-1,-1,18255
98332,99240,-1,98624,98478,-1,-1,-1,-1
58484,-1,60000,-1
-1,42312,-1,41639,42679,-1,41621,42570,42564,-1,41323,-1,42884
-1,-1,-1
-1,-1,-1
-1,67663,-1,65144,-1
-1,46657,-1,47199,-1,46734,-1
-1,-1,-1,94477,-1,93051,-1,94885
5799,-1,5296,-1,5164,4587,-1,-1,4371,5364
61468,61498,-1,63066,61789,-1,-1,62896
107348,-1,107788
-1,-1,-1
12444,12002,-1,-1,-1,-1,-1,12107
102014,-1,102831,-1,-1,102092
-1,22871,21949
-1,4293,5896,-1
-1,87847,-1,-1,-1,-1,-1,-1,-1,-1
-1,-1,-1,-1
-1,31407,29276,32402,-1,30438,-1,31079,32761,-1,-1,-1
87314,-1,-1,-1,-1,86305,86796,-1,-1,-1,-1,-1,-1
77336,78132
-1,-1,17678,-1,-1,-1,-1,-1
14354,14576,13949,13879,14817
-1,-1,-1,-1,-1,57791,-1
45915,45455,-1
30011,29679,29941,31125,30436
73223,72370,-1,-1,-1,-1,-1,-1,-1,-1
41375,42835,-1,42146,-1
-1,-1,-1,-1,61932,61916,-1,61622,-1,61379,-1,62012
-1,-1,-1,-1,-1,-1,100541,-1
50801,51658,-1,50786,50372,-1
-1,-1,-1,-1,12843,-1,-1,-1,-1,-1
101882,-1,-1,-1,-1,101483,101800,101421
-1,-1,-1,12107,-1,-1,12002
-1,17167,16341,-1
-1,44700,47029
51808,-1,-1,-1
-1,-1,-1,-1,113136,-1,113148,-1
-1,85667,-1,-1,-1,-1,-1,-1,-1,85537,-1,-1
72208,71795,73166
-1,-1,35205,36917,-1,35904,36258,35427,36362,35848,-1,-1,36514
102092,102014
-1,-1,-1,-1,-1,66849,68702,-1,-1,-1
-1,42146,-1,-1,42835,43496,-1
-1,-1,12332,-1,11670,-1
-1,-1,-1,98353,98066,-1
80351,79488,-1,-1,-1,-1,-1,-1,-1,-1,-1
94727,95501,95732,95793
78132,78072
102635,100859,102177,101475,-1,-1,103312,101138,-1,102724,-1,101243
-1,34752,-1,-1,-1,-1,-1,35710,-1
36388,37088,-1
105259,106886,107418,106227,107259,107586
-1,83081,83153,83431,-1,83187,-1,83057,-1,-1,-1,-1,-1
90191,-1,-1,-1,-1,-1,-1,91262
69612,-1,-1
17296,15520,17891,17884,18505,20266,17587,-1,15890,-1
57399,-1,55086,-1,-1,-1,-1
27581,-1,27743,-1,27364,29038,27511,28302,27316,-1,-1
-1,-1,50564,50583,-1
105972,105268,-1,106032,-1
-1,59468,60514,-1,-1,60170,-1,-1,60742,60351,60697,-1,60746,59923,-1,-1,-1,-1
13147,13265,-1
29716,28413,29575,-1,29629
-1,-1,-1,-1
-1,-1,-1,-1,-1,-1,-1,87212,87833,-1
-1,-1,-1,-1,-1
-1,94336,-1,-1,-1,-1
-1,-1,-1,70012,70755,-1,-1,-1,-1,-1
-1,-1
-1,-1,-1,-1,18532,-1,-1,-1,19335,-1,-1,-1
-1,-1,-1,-1
105502,-1
-1,124,1354,117447,-1,-1,418,746,-1,-1,-1,-1,-1
78933,79098,80343,78990,-1,80473
-1,-1,-1,-1,-1,-1,-1,-1,90441,91322,90844
101692,-1,-1,101101,-1,-1,-1,-1,-1,101847,-1,-1
-1,-1,-1,-1,-1,-1,-1,-1,-1,94834,95447,-1,96229
-1,-1,-1,-1,14930
-1,-1,-1,-1,-1
-1,51685,52139,51658,51233,-1,51420
-1,-1,-1,-1,-1,-1,-1,55756,54561,55588,-1
57670,56997
-1,-1,-1,97928,97966
96665,-1,-1,-1,-1,96229
-1,-1,23840,-1,-1
109410,-1,-1,109352,109654,-1
-1,41242,-1,42334,-1,41260,41074,-1,42430,-1
105497,107136,-1,-1,-1,-1,-1,105282,106393
-1,-1,-1
-1,24254,-1,-1,-1,-1,-1,-1
-1,-1,-1,-1,-1,-1,-1,-1,113963,-1,-1,114449
-1,-1,-1,73996,-1,-1
69965,68390,69415,-1,-1,-1,68895,70306
58181,-1,-1,58001,56510,-1,57477,-1,55797,-1,-1
-1,-1,-1,-1,48748,-1,-1,-1,48926,-1,-1,-1
11313,-1,10366,-1,10944,-1,11220,-1
-1,99473,-1,-1,-1,99631,-1,-1,-1
-1,-1,-1,101260,104968,-1,-1
-1,76600,78104,76470,76259,-1,-1
66435,-1,-1,65536,-1,-1,-1,-1,-1,-1
11072,-1
104101,-1,104987,-1,103571,-1,-1,103569,-1,-1,-1,-1,-1,104031
-1,77070,77163,-1,-1,-1,-1,-1,77257,-1,-1,77622,-1,-1
-1,-1,-1,-1,-1,-1,-1,-1,-1,10732,-1
13061,-1,-1,-1,-1,-1,-1,-1,-1,14677
-1,-1,-1,-1,-1,-1,82369
-1,61317,63125,63121,60646,-1,-1,-1
38593,-1,38423,37853,37710,38497,-1,37623,38200,-1,-1
32617,31278,32698,31446
-1,-1,-1,-1,80375,-1,-1,-1,81437,81290,-1,-1,81292,-1
-1,7535,-1,-1
109937,109754,109654,-1,-1
-1,-1,96016,95372,-1,96302,-1,-1,95947,-1,-1,95951,-1
-1,60610,-1,-1,-1,-1,-1,60449,60735,-1,-1,-1
94068,-1,-1,-1,95501,94727
-1,-1,-1,51069,-1
-1,-1,-1,42134,42568,43499,44143,43669,-1,-1,43783,43105,43937,-1,-1,42129,42913
48833,-1,50372
-1,-1,17395,-1,-1,17378
-1,34002,34215,-1,-1,-1,34033,33202,-1,-1,-1,-1,-1
-1,-1,-1,84671,84345,-1,84177
-1,-1,-1,-1,-1,-1,-1,-1,-1
-1,-1,-1,61720,-1,-1,-1,-1,62131
-1,-1
-1,-1,-1,116611,-1,116264,-1,-1,-1,-1
22626,23522,-1,-1,-1,-1,-1,-1,-1,-1
-1,99120,100751
68520,69493,-1,69389,-1,-1,-1,-1,-1
-1,-1,94789,-1,-1
-1,109908,109973,-1,110997,-1,-1,111043
-1,-1,14110,-1,-1,-1,-1,-1
44127,42372,-1
-1,32385,32810,33579,-1,31870,-1,32292,-1,-1,-1,-1,-1
91237,90313,-1,-1,-1,91217,92027,-1,90497,-1
13108,12640,12332
42372,-1,-1,-1,-1,-1,-1,-1,41152,-1
-1,-1,-1,-1,-1
83430,84345,83613
77982,-1,-1,-1,-1,-1,-1,78868
115054,-1,-1,114775,-1,-1,114921,116389
79357,-1,77907,-1,77760,-1,-1,-1,-1,78592,-1,-1,77986,-1,-1,79101
105881,106559,105576,-1,106039,104963,105665,105928
-1,-1,-1,13942,-1,-1,13782,13835,-1
-1,-1,6061,-1,-1,5737
-1,-1,-1,94437
-1,-1,-1,-1,-1,-1,-1
56633,-1
-1,-1,-1,-1,56445,57757
-1,101260,-1,-1,-1,-1,-1,-1,99255,-1,-1,-1
-1,-1
19983,-1,-1,-1,-1,-1,-1,-1,19018,-1,18217
-1,-1,-1,-1,53316,54029,-1,-1,-1,52948,-1
-1,-1,-1,-1
43797,42134,-1,43105,-1,-1,-1,41037,42568,43499,-1,-1,-1,42129,42913
-1,-1,52737,-1,52943,52085,51069,-1,51491,-1,-1,-1,-1,-1
-1,15110,-1,-1,15627,-1,14838,-1,-1
-1,-1,111394,111710,110578,-1
44961,45526,-1,-1,-1,-1,44936,-1,44883
-1,-1,16368,-1,-1,17440,-1,-1,-1,-1
-1,-1,116231,116389
37441,-1,35384,-1,36348,37701,36439,36145
67288,67057,67494,-1,-1,-1,-1,-1,-1,-1
-1,35564,-1,35589,-1,-1,36444,36942
-1,17378,-1,16989,-1,16537,-1
17884,-1,-1,20266,-1,-1,-1,-1,-1,17585,17891,18505,17587
-1,71284,-1,-1,-1,71053,-1,-1
67929,-1,-1,68520,-1,-1,-1,66936,-1,68092
19461,-1,-1,9727,15547,14417,13055,-1,-1,-1
106787,105502
66763,-1,66417,66727,-1
-1,-1,-1,-1,-1,108431,110109
-1,-1,-1,-1,66400,-1,67143,-1,66563,66065,-1
-1,-1,-1,113184,-1,-1,-1
-1,116602,-1,114421,-1
-1,-1,30591,31765,-1
-1,46618,-1,-1,46813,-1
116591,117567,-1,116758,116957,-1,-1,-1,-1,117722,-1,-1,-1,117314,116971
19018,17342,18488,-1,-1,-1,20376,-1,-1,-1,-1,-1,19968,-1,-1
21295,21670,-1,-1,22549,-1,22449,-1,-1
18471,-1,-1,19009,-1,-1,-1,17954,19038
4914,-1,-1,5951,-1
-1,-1,-1,-1,-1,-1,-1,-1,13665,-1
-1,-1,-1,58082,57613,-1,-1,-1,-1,-1
57443,57013,56000,56391,56319
-1,-1,-1,45455,-1,-1,-1,-1,44504,-1,-1,-1
-1,-1,-1,-1,24732,24254,-1,-1
48926,-1,-1,-1,48748
38427,-1,-1,39095,-1,38211,-1
112158,-1,-1,-1,112051
-1,57696,54327,58884,-1,57581,57363
-1,14456,14293,-1,-1,-1,-1,14060,14168,-1,-1,-1,13701,-1
1372,841,2225
-1,-1,-1,64226,-1,63355,-1,-1,-1,64241
-1,-1,17593,16537,17395,16989,-1,-1,-1,-1,16780,17378,-1
30342,29276,27947
32765,-1,31685
-1,-1,-1,21452,-1,22626,-1,19968,-1,-1,-1,20376,-1
-1,83336,-1,-1,83896,82960
-1,-1,-1,65198
-1,-1,33485,33377,-1,-1,-1,-1,32480,-1,32844
99255,-1,-1,-1
-1,-1,92390,-1,92814,-1,-1,92882
23497,23883,23835,-1,23871,-1,23043
-1,-1,-1,55598,-1,-1,-1
45333,-1
33415,32562
-1,77227,77464,77516,-1,-1,77660
72934,73133
-1,-1,45290,-1,-1,-1,-1,-1,-1
69612,-1,-1,69989,-1,-1,-1,69536,-1
46811,47267,46651,45924
79043,79666,-1,-1,78481,80170,-1
-1,-1,-1,56035,56290
-1,25278,26064,-1,-1,25950,-1,25499,-1,-1,25555,25945,24197,-1,-1,25583,-1
106032,109400,-1,109474,-1,107119,-1
36366,37204,-1,37265,38016,-1,-1,36850,-1,-1,36896,-1
-1,-1,-1,-1,-1,111841,111546
39863,-1,41307,41211,41375
93015,91854,92294,94789,-1,92024,94150,93574
14417,13055,-1,9727,-1,-1,-1,-1,-1,-1
107773,-1,-1,-1,107835,106044,-1
75127,-1,-1,73473,-1,-1,-1,-1,-1,-1,74785
64094,-1,60320,-1,-1,-1,62322,59929,60329,61585,-1
-1,89000,89065,88601,89918,90441,-1,-1
-1,-1,42726,-1,-1,42913,45631,43878,-1,44337,-1,-1,-1
-1,-1,4577,-1,-1,-1,-1,-1,-1,-1
92117,-1,-1
-1,-1,51364,-1,-1,51979,-1,-1,-1
-1,-1,-1,69658,69929,-1,-1
-1,40702,-1,43012,42637,40888,-1,-1,-1,-1,-1
-1,-1
-1,-1,-1,29696,-1,-1
28909,-1,-1,-1,-1,-1,-1,-1,-1,-1,29353,-1
104174,104148,-1,105140,103738,-1,-1,-1
17103,-1,15619,15457,-1,-1,-1,-1
92041,93506,92855
29575,29651,28949,29417,28744
-1,21819,-1,-1,22393,-1,-1,-1,-1,-1,-1
4889,-1,-1,5544,-1,-1,-1,-1,4510
-1,32226,32578,-1
70248,69896,-1,-1,60000,-1,-1,-1
-1,-1,17805,-1,-1,18993,18859,-1,-1,-1
64822,-1,-1,-1,65144,-1,-1
-1,-1,-1,-1,78990,-1,-1,78401,-1,78168,-1,-1,79098,77811,78933
-1,-1,-1,-1,-1,-1,23467,-1,26169,-1,-1,-1
-1,-1,-1,-1,-1,-1,46515,-1,-1,-1,-1,46736
-1,-1,-1,-1,-1,25428,25001,-1,-1,-1,-1
-1,-1,-1,-1,-1,-1,-1,-1,100276,-1,100754
34495,-1,34081,35393,-1,-1,34065,34802,-1,34339,34922
53781,-1,-1,-1,-1,54537,-1,54539,-1,-1
-1,-1,-1
-1,-1,25541,-1,24727,24799,-1,-1,-1,-1,25292,-1,24879,-1
-1,-1,-1,7941,-1,7955,-1
-1,113136,-1,-1,112716,-1,113031,113148,112542,-1
-1,-1,8993,9884,9836,-1,-1,9153,-1,8544,-1,-1
-1,-1,-1,-1,1168,729,-1,-1,-1
72631,-1,73165,-1,-1,73497
103045,-1,102618
78132,77233,-1,-1,-1,-1,77336,78072,-1,-1,77450,-1
65144,-1,63945,-1,-1
-1,43352,-1,-1
-1,-1,-1,-1,-1,-1,98543,97765,-1,-1,98767,-1,-1
58510,59309,58590,-1
-1,-1,99639,-1,101243,-1,100859,99848,-1,-1,-1,99675,99889,-1,101138,100437
73695,-1,73841,72524,-1,-1,72487,71280
-1,53502,54173
-1,-1,20591,20252,-1,-1,20579,-1,-1,-1,-1
-1,43644,46733,43903,45075,-1,45333
-1,-1,-1,-1,-1,-1,-1,-1
-1,92646,-1,-1,93148,-1,-1,93815
-1,-1,-1,-1,15197,16537
81300,80883,-1,-1,-1,-1,80693,-1,80179,-1,-1
48615,-1,-1,49569,-1,-1
-1,-1,35476,34987,34387,-1
-1,-1,-1,-1,85998,-1,-1,-1,-1
-1,34909,-1,33715,-1,33202,34440,33937,33914,35350
-1,22957,22667,23607,-1,23043,-1,-1,-1,-1,-1,22913
-1,-1,93015,94150,93574,92024,91854,92294
-1,-1,-1,-1,76127,77048,-1,-1,-1,-1,-1
114641,114144,114520,114389,114347
81641,82216
-1,-1,-1,-1,910,-1,-1,-1,301,-1,983,-1,-1
75141,-1,-1,-1,76297,76552,74707,76829,-1,75264,-1,-1,-1,-1,76397,74950,76371
43937,45556,45080,45219,43669,44256,45101,45856,42568,42286,43783,44143
87261,86670,87073,86170,87294,86698
105703,-1
-1,47204,46594,-1,47175,45631,46914,45675,46950,-1
97534,98495,98332
-1,-1,-1,-1,-1,-1,-1,-1,-1
97757,99675,-1,98571,97774,99639
-1,-1,-1,-1,-1,-1,-1,-1,-1,-1
51802,-1,-1,-1,51624,-1,52911
-1,117629,-1,343,-1,117567,-1,-1,301,-1,117722
-1,76425,76276
35120,34387,34987
-1,-1,-1,83336,-1
-1,-1,-1,51420,-1,-1,53721,-1,-1,-1,51658,-1
-1,-1,-1,113860,-1,-1,-1,114132
-1,45527,46404,46982,-1,46390,-1,46221
-1,-1,-1,-1,-1,-1,-1,-1,-1,59309
20842,20889,-1,-1,-1,-1,-1,20648,-1,21604,-1,20641
-1,95865,-1,94434,-1,-1,95477,95619,-1
24505,-1,25045,-1,-1,-1,-1,-1
-1,2802,2383,-1,2711,2472,-1
97630,98068,97985,-1,99303,100044,97376,98425,98194,99031,-1
-1,-1,105164,-1
-1,96441,97757,-1,-1,-1,-1,-1,-1,96258,98571,-1,-1,-1
-1,-1,99473,-1,-1,-1,-1,-1,-1,99631,-1
-1,-1,-1,-1,92367,-1,-1,-1,92953,-1,-1,92308,92382,92630,-1
-1,76568,-1,-1,-1,-1,-1,-1
765,522,107,88
103389,104750,104234
112832,-1
102916,102497,-1,-1,-1,103127,103836,-1,-1,103882
47959,47508,-1,-1,-1,48734,-1,-1,47943,-1
114167,-1,-1,115713,115537,-1,-1,-1,-1,-1,-1,113657
79666,-1,78481,-1,78072,-1,79043
-1,-1,-1,21248,21393,-1,21958
12086,-1,-1,-1,-1,11840,10644,-1,-1,-1,11784,-1,10670
76008,77055,-1,-1,-1
-1,46026,46657
66936,-1,-1,-1,-1
-1,-1,-1,-1,-1,-1,40866
59856,61309
-1,-1,-1,101847,101936,-1,-1,-1,-1,-1,-1
31434,-1,-1,32311,32246,31737
-1,-1,-1,-1,106897,-1,-1,-1,-1,106787,-1,-1
20901,20713,20400,20219,-1,-1,20732,21036,19376,20873,20261,19799,20205
-1,97260,98470,98842,-1
16870,18262
102333,102950,-1,-1
37946,37369,-1,35710
-1,32844,34752,-1,-1,-1,-1,-1,-1,-1,-1
12086,-1,11432,-1,-1,-1,11840,-1,-1
16292,-1
